PDB_ID,Center_X,Center_Y,Center_Z,Size_X,Size_Y,Size_Z,Method
12ca,-6.677,-1.626,15.471,20.0,20.0,20.0,Zinc_Anchor
1a42,-6.829,-1.622,15.487,20.0,20.0,20.0,Zinc_Anchor
1am6,-6.801,-1.631,15.413,20.0,20.0,20.0,Zinc_Anchor
1avn,-6.628,-1.601,15.39,20.0,20.0,20.0,Zinc_Anchor
1azm,37.595,16.545,-14.676,20.0,20.0,20.0,Zinc_Anchor
1bcd,-6.782,-1.538,15.327,20.0,20.0,20.0,Zinc_Anchor
1bic,-6.837,-1.59,15.407,20.0,20.0,20.0,Zinc_Anchor
1bn1,-6.844,-1.668,15.437,20.0,20.0,20.0,Zinc_Anchor
1bn3,-6.832,-1.685,15.389,20.0,20.0,20.0,Zinc_Anchor
1bn4,-6.804,-1.648,15.434,20.0,20.0,20.0,Zinc_Anchor
1bnm,-6.881,-1.731,15.476,20.0,20.0,20.0,Zinc_Anchor
1bnn,-6.795,-1.634,15.406,20.0,20.0,20.0,Zinc_Anchor
1bnq,-6.824,-1.608,15.471,20.0,20.0,20.0,Zinc_Anchor
1bnt,-6.861,-1.642,15.422,20.0,20.0,20.0,Zinc_Anchor
1bnu,-6.879,-1.569,15.448,20.0,20.0,20.0,Zinc_Anchor
1bnv,-6.945,-1.711,15.487,20.0,20.0,20.0,Zinc_Anchor
1bnw,-6.844,-1.554,15.425,20.0,20.0,20.0,Zinc_Anchor
1bv3,-6.783,-1.621,15.431,20.0,20.0,20.0,Zinc_Anchor
1bzm,37.551,16.617,-14.725,20.0,20.0,20.0,Zinc_Anchor
1ca2,-6.788,-1.621,15.381,20.0,20.0,20.0,Zinc_Anchor
1ca3,-6.677,-1.585,15.471,20.0,20.0,20.0,Zinc_Anchor
1cah,-6.155,0.112,16.843,20.0,20.0,20.0,Ligand_Centroid
1cai,-6.772,-1.592,15.394,20.0,20.0,20.0,Zinc_Anchor
1caj,-6.846,-1.616,15.486,20.0,20.0,20.0,Zinc_Anchor
1cak,-4.444,4.578,19.793,20.0,20.0,20.0,Zinc_Anchor
1cal,-6.752,-1.59,15.547,20.0,20.0,20.0,Zinc_Anchor
1cam,-6.733,-1.633,15.588,20.0,20.0,20.0,Zinc_Anchor
1can,0.665,0.422,16.821,20.0,20.0,20.0,Ligand_Centroid
1cao,-6.731,-1.642,15.408,20.0,20.0,20.0,Zinc_Anchor
1cay,-6.713,-1.534,15.418,20.0,20.0,20.0,Zinc_Anchor
1caz,-4.318,4.662,19.759,20.0,20.0,20.0,Zinc_Anchor
1ccs,-6.69,-1.751,15.683,20.0,20.0,20.0,Zinc_Anchor
1cct,-6.854,-1.71,15.329,20.0,20.0,20.0,Zinc_Anchor
1ccu,-6.824,-1.668,15.541,20.0,20.0,20.0,Zinc_Anchor
1cil,-6.757,-1.555,15.37,20.0,20.0,20.0,Zinc_Anchor
1cim,-6.674,-1.544,15.308,20.0,20.0,20.0,Zinc_Anchor
1cin,-6.763,-1.597,15.293,20.0,20.0,20.0,Zinc_Anchor
1cnb,-6.587,1.584,13.405,20.0,20.0,20.0,Ligand_Centroid
1cnc,-7.091,-1.501,14.764,20.0,20.0,20.0,Zinc_Anchor
1cng,-6.865,-1.708,15.501,20.0,20.0,20.0,Zinc_Anchor
1cnh,-6.78,-1.608,15.413,20.0,20.0,20.0,Zinc_Anchor
1cni,-6.643,-1.707,15.61,20.0,20.0,20.0,Zinc_Anchor
1cnj,-6.692,-1.67,15.517,20.0,20.0,20.0,Zinc_Anchor
1cnk,-6.73,-1.525,15.512,20.0,20.0,20.0,Zinc_Anchor
1cnw,-6.787,-1.626,15.4,20.0,20.0,20.0,Zinc_Anchor
1cnx,-6.83,-1.585,15.4,20.0,20.0,20.0,Zinc_Anchor
1cny,-6.805,-1.585,15.471,20.0,20.0,20.0,Zinc_Anchor
1cra,-6.778,-1.631,15.429,20.0,20.0,20.0,Zinc_Anchor
1crm,34.985,14.421,-6.733,20.0,20.0,20.0,Ligand_Centroid
1cva,-6.872,-1.46,15.4,20.0,20.0,20.0,Zinc_Anchor
1cvb,-6.744,-1.376,15.4,20.0,20.0,20.0,Zinc_Anchor
1cvc,-7.195,-1.46,14.835,20.0,20.0,20.0,Zinc_Anchor
1cvd,-6.866,-1.668,15.541,20.0,20.0,20.0,Zinc_Anchor
1cve,-6.378,-1.71,15.471,20.0,20.0,20.0,Zinc_Anchor
1cvf,-9.853,-1.729,16.076,20.0,20.0,20.0,Protein_Center_Mass
1cvh,-6.775,-1.001,15.683,20.0,20.0,20.0,Zinc_Anchor
1czm,37.506,16.588,-14.749,20.0,20.0,20.0,Zinc_Anchor
1dca,-6.543,-1.626,15.612,20.0,20.0,20.0,Zinc_Anchor
1dcb,-6.568,-1.668,15.541,20.0,20.0,20.0,Zinc_Anchor
1eou,-6.781,-1.313,15.571,20.0,20.0,20.0,Zinc_Anchor
1f2w,-6.723,-1.561,15.361,20.0,20.0,20.0,Zinc_Anchor
1fql,-6.582,-1.658,15.423,20.0,20.0,20.0,Zinc_Anchor
1fqm,-6.477,-1.595,15.482,20.0,20.0,20.0,Zinc_Anchor
1fqn,-9.842,-1.719,16.13,20.0,20.0,20.0,Protein_Center_Mass
1fqr,-6.417,-1.482,15.47,20.0,20.0,20.0,Ligand_Centroid
1fr4,-5.04,0.001,17.652,20.0,20.0,20.0,Ligand_Centroid
1fr7,20.083,20.68,16.294,20.0,20.0,20.0,Zinc_Anchor
1fsn,20.083,20.712,16.883,20.0,20.0,20.0,Protein_Center_Mass
1fsq,20.083,20.671,16.191,20.0,20.0,20.0,Ligand_Centroid
1fsr,20.083,20.677,16.273,20.0,20.0,20.0,Ligand_Centroid
1g0e,-6.552,-1.655,15.301,20.0,20.0,20.0,Zinc_Anchor
1g0f,-6.493,-1.695,15.499,20.0,20.0,20.0,Zinc_Anchor
1g1d,-6.761,-1.488,15.274,20.0,20.0,20.0,Zinc_Anchor
1g3z,-6.864,-1.672,15.299,20.0,20.0,20.0,Zinc_Anchor
1g45,-6.864,-1.672,15.299,20.0,20.0,20.0,Zinc_Anchor
1g46,-6.88,-1.673,15.276,20.0,20.0,20.0,Zinc_Anchor
1g48,-6.875,-1.671,15.291,20.0,20.0,20.0,Zinc_Anchor
1g4j,-6.953,-1.672,15.301,20.0,20.0,20.0,Zinc_Anchor
1g4o,-7.01,-1.386,15.29,20.0,20.0,20.0,Zinc_Anchor
1g52,-6.827,-1.616,15.283,20.0,20.0,20.0,Zinc_Anchor
1g53,-6.761,-1.488,15.274,20.0,20.0,20.0,Zinc_Anchor
1g54,-6.749,-1.56,15.446,20.0,20.0,20.0,Zinc_Anchor
1h4n,-7.211,-1.547,14.69,20.0,20.0,20.0,Zinc_Anchor
1h9n,-6.659,-1.897,15.544,20.0,20.0,20.0,Zinc_Anchor
1h9q,-6.233,-1.605,15.091,20.0,20.0,20.0,Zinc_Anchor
1hca,-6.682,-1.541,15.563,20.0,20.0,20.0,Zinc_Anchor
1hcb,37.584,16.681,-14.74,20.0,20.0,20.0,Zinc_Anchor
1hea,-6.787,-1.626,15.4,20.0,20.0,20.0,Zinc_Anchor
1heb,-6.744,-1.626,15.4,20.0,20.0,20.0,Zinc_Anchor
1hec,-6.72,-1.626,15.471,20.0,20.0,20.0,Zinc_Anchor
1hed,-6.702,-1.626,15.4,20.0,20.0,20.0,Zinc_Anchor
1hug,37.531,16.568,-14.464,20.0,20.0,20.0,Zinc_Anchor
1huh,37.629,16.534,-14.421,20.0,20.0,20.0,Zinc_Anchor
1hva,-4.931,47.568,20.457,20.0,20.0,20.0,Protein_Center_Mass
1i8z,-6.762,-1.776,15.2,20.0,20.0,20.0,Zinc_Anchor
1i90,-6.625,-1.647,15.237,20.0,20.0,20.0,Zinc_Anchor
1i91,-6.979,-2.15,15.489,20.0,20.0,20.0,Zinc_Anchor
1i9l,-7.022,-1.922,15.512,20.0,20.0,20.0,Zinc_Anchor
1i9m,-6.884,-2.217,15.337,20.0,20.0,20.0,Zinc_Anchor
1i9n,-6.981,-1.971,15.399,20.0,20.0,20.0,Zinc_Anchor
1i9o,-6.971,-2.314,15.527,20.0,20.0,20.0,Zinc_Anchor
1i9p,-6.989,-2.62,15.387,20.0,20.0,20.0,Zinc_Anchor
1i9q,-6.986,-1.673,15.31,20.0,20.0,20.0,Zinc_Anchor
1if4,-6.908,-2.897,15.479,20.0,20.0,20.0,Zinc_Anchor
1if5,-6.856,-1.625,15.463,20.0,20.0,20.0,Zinc_Anchor
1if6,-6.73,-1.571,15.703,20.0,20.0,20.0,Zinc_Anchor
1if7,-6.978,-2.76,15.341,20.0,20.0,20.0,Zinc_Anchor
1if8,-7.016,-2.146,15.473,20.0,20.0,20.0,Zinc_Anchor
1if9,-6.753,-1.505,15.276,20.0,20.0,20.0,Zinc_Anchor
1j9w,11.847,54.565,39.141,20.0,20.0,20.0,Zinc_Anchor
1jcz,3.443,-3.612,23.147,20.0,20.0,20.0,Zinc_Anchor
1jd0,3.505,-3.892,23.215,20.0,20.0,20.0,Zinc_Anchor
1jv0,15.741,58.158,34.957,20.0,20.0,20.0,Zinc_Anchor
1kwq,-6.906,-1.745,15.279,20.0,20.0,20.0,Zinc_Anchor
1kwr,-6.496,-1.493,15.331,20.0,20.0,20.0,Zinc_Anchor
1lg5,13.354,-5.026,57.273,20.0,20.0,20.0,Zinc_Anchor
1lg6,10.308,-6.411,20.065,20.0,20.0,20.0,Zinc_Anchor
1lgd,13.141,-5.02,57.333,20.0,20.0,20.0,Zinc_Anchor
1lug,-6.652,-1.534,15.25,20.0,20.0,20.0,Zinc_Anchor
1lzv,-6.774,-1.649,15.424,20.0,20.0,20.0,Zinc_Anchor
1moo,-6.432,-1.533,15.402,20.0,20.0,20.0,Zinc_Anchor
1mua,-6.763,-1.668,15.471,20.0,20.0,20.0,Zinc_Anchor
1okl,-6.666,-1.692,15.446,20.0,20.0,20.0,Zinc_Anchor
1okm,-6.784,-1.621,15.445,20.0,20.0,20.0,Zinc_Anchor
1okn,-6.731,-1.583,15.452,20.0,20.0,20.0,Zinc_Anchor
1oq5,14.469,0.268,15.256,20.0,20.0,20.0,Zinc_Anchor
1ray,-6.786,-1.55,15.384,20.0,20.0,20.0,Zinc_Anchor
1raz,-6.727,-1.516,15.44,20.0,20.0,20.0,Zinc_Anchor
1rza,-6.567,0.03,16.708,20.0,20.0,20.0,Ligand_Centroid
1rzb,-5.923,0.32,16.619,20.0,20.0,20.0,Ligand_Centroid
1rzc,-4.036,0.629,14.318,20.0,20.0,20.0,Ligand_Centroid
1rzd,-6.159,0.46,17.148,20.0,20.0,20.0,Ligand_Centroid
1rze,-4.99,0.681,15.573,20.0,20.0,20.0,Ligand_Centroid
1t9n,-6.68,-1.477,15.349,20.0,20.0,20.0,Zinc_Anchor
1tb0,-6.803,-1.779,15.377,20.0,20.0,20.0,Zinc_Anchor
1tbt,-6.747,-1.745,15.266,20.0,20.0,20.0,Zinc_Anchor
1te3,-6.751,-1.802,15.391,20.0,20.0,20.0,Zinc_Anchor
1teq,-6.721,-1.729,15.361,20.0,20.0,20.0,Zinc_Anchor
1teu,-6.734,-1.71,15.37,20.0,20.0,20.0,Zinc_Anchor
1tg3,-6.808,-1.819,15.386,20.0,20.0,20.0,Zinc_Anchor
1tg9,-6.72,-1.905,15.409,20.0,20.0,20.0,Zinc_Anchor
1th9,-6.655,-1.783,15.424,20.0,20.0,20.0,Zinc_Anchor
1thk,-6.649,-1.906,15.412,20.0,20.0,20.0,Zinc_Anchor
1ttm,16.451,11.595,20.678,20.0,20.0,20.0,Zinc_Anchor
1uga,-6.509,-1.612,15.499,20.0,20.0,20.0,Zinc_Anchor
1ugb,-6.792,-1.573,15.598,20.0,20.0,20.0,Zinc_Anchor
1ugc,-6.686,-1.649,15.45,20.0,20.0,20.0,Zinc_Anchor
1ugd,-6.665,-1.597,15.388,20.0,20.0,20.0,Zinc_Anchor
1uge,-6.682,-1.674,15.539,20.0,20.0,20.0,Zinc_Anchor
1ugf,-6.684,-1.673,15.501,20.0,20.0,20.0,Zinc_Anchor
1ugg,19.51,25.491,16.584,20.0,20.0,20.0,Zinc_Anchor
1xeg,18.049,24.576,16.908,20.0,20.0,20.0,Zinc_Anchor
1xev,33.661,21.397,38.508,20.0,20.0,20.0,Zinc_Anchor
1xpz,16.607,11.653,20.575,20.0,20.0,20.0,Zinc_Anchor
1xq0,16.58,11.669,20.61,20.0,20.0,20.0,Zinc_Anchor
1yda,-6.603,-1.511,15.464,20.0,20.0,20.0,Zinc_Anchor
1ydb,-6.788,-1.66,15.405,20.0,20.0,20.0,Zinc_Anchor
1ydc,-6.74,-1.597,15.401,20.0,20.0,20.0,Zinc_Anchor
1ydd,-6.72,-1.751,15.471,20.0,20.0,20.0,Zinc_Anchor
1yo0,-6.627,-1.507,15.522,20.0,20.0,20.0,Zinc_Anchor
1yo1,-6.737,-1.585,15.441,20.0,20.0,20.0,Zinc_Anchor
1yo2,-6.681,-1.693,15.355,20.0,20.0,20.0,Zinc_Anchor
1z93,47.363,-17.523,-1.363,20.0,20.0,20.0,Zinc_Anchor
1z97,55.679,0.539,-7.82,20.0,20.0,20.0,Zinc_Anchor
1z9y,18.45,1.069,11.392,20.0,20.0,20.0,Zinc_Anchor
1ze8,-6.675,-1.508,15.22,20.0,20.0,20.0,Zinc_Anchor
1zfk,14.512,0.193,15.343,20.0,20.0,20.0,Zinc_Anchor
1zfq,14.39,0.159,15.254,20.0,20.0,20.0,Zinc_Anchor
1zge,14.48,0.19,15.176,20.0,20.0,20.0,Zinc_Anchor
1zgf,18.421,0.941,11.55,20.0,20.0,20.0,Zinc_Anchor
1zh9,14.408,0.15,15.278,20.0,20.0,20.0,Zinc_Anchor
1znc,10.58,-9.256,36.451,20.0,20.0,20.0,Zinc_Anchor
1zsa,-9.79,-1.76,16.093,20.0,20.0,20.0,Protein_Center_Mass
1zsb,-6.824,-1.578,15.477,20.0,20.0,20.0,Zinc_Anchor
1zsc,-6.769,-1.648,15.38,20.0,20.0,20.0,Zinc_Anchor
2abe,-6.781,-1.652,15.388,20.0,20.0,20.0,Zinc_Anchor
2aw1,-6.605,-1.586,15.122,20.0,20.0,20.0,Zinc_Anchor
2ax2,-6.675,-2.035,15.289,20.0,20.0,20.0,Zinc_Anchor
2ca2,-6.786,-1.595,15.396,20.0,20.0,20.0,Zinc_Anchor
2cab,37.388,16.243,-14.458,20.0,20.0,20.0,Zinc_Anchor
2cba,-6.794,-1.631,15.383,20.0,20.0,20.0,Zinc_Anchor
2cbb,-6.775,-1.595,15.416,20.0,20.0,20.0,Zinc_Anchor
2cbc,-6.818,-1.614,15.476,20.0,20.0,20.0,Zinc_Anchor
2cbd,-6.81,-1.595,15.433,20.0,20.0,20.0,Zinc_Anchor
2cbe,-9.685,-1.744,16.068,20.0,20.0,20.0,Protein_Center_Mass
2eu2,-6.642,-1.918,15.436,20.0,20.0,20.0,Zinc_Anchor
2eu3,-6.732,-1.653,15.432,20.0,20.0,20.0,Zinc_Anchor
2ez7,-6.517,-1.616,15.577,20.0,20.0,20.0,Zinc_Anchor
2f14,-6.792,-1.616,15.318,20.0,20.0,20.0,Zinc_Anchor
2fmg,-6.544,-1.581,15.427,20.0,20.0,20.0,Zinc_Anchor
2fmz,-6.598,-1.51,15.292,20.0,20.0,20.0,Zinc_Anchor
2fnk,-6.536,-1.806,15.258,20.0,20.0,20.0,Zinc_Anchor
2fnm,-6.569,-2.054,15.189,20.0,20.0,20.0,Zinc_Anchor
2fnn,-6.603,-1.95,15.154,20.0,20.0,20.0,Zinc_Anchor
2foq,-6.673,-1.443,15.38,20.0,20.0,20.0,Zinc_Anchor
2fos,-6.722,-1.549,15.384,20.0,20.0,20.0,Zinc_Anchor
2fou,-6.722,-1.516,15.526,20.0,20.0,20.0,Zinc_Anchor
2fov,-6.73,-1.509,15.404,20.0,20.0,20.0,Zinc_Anchor
2foy,-25.685,-0.754,-11.356,20.0,20.0,20.0,Zinc_Anchor
2fw4,11.735,53.633,39.338,20.0,20.0,20.0,Zinc_Anchor
2gd8,-6.704,-1.681,15.34,20.0,20.0,20.0,Zinc_Anchor
2geh,-6.638,-1.619,15.326,20.0,20.0,20.0,Zinc_Anchor
2h15,-6.597,-1.633,15.331,20.0,20.0,20.0,Zinc_Anchor
2h4n,-1.835,0.217,11.145,20.0,20.0,20.0,Zinc_Anchor
2hd6,-6.709,-1.696,15.17,20.0,20.0,20.0,Zinc_Anchor
2hfw,54.227,3.387,46.813,20.0,20.0,20.0,Zinc_Anchor
2hkf,3.643,5.223,5.172,20.0,20.0,20.0,Protein_Center_Mass
2hkk,-6.675,-1.587,15.351,20.0,20.0,20.0,Zinc_Anchor
2hl4,-6.741,-1.646,15.251,20.0,20.0,20.0,Zinc_Anchor
2hnc,-6.666,-1.63,15.153,20.0,20.0,20.0,Zinc_Anchor
2hoc,-6.68,-1.677,15.202,20.0,20.0,20.0,Zinc_Anchor
2ili,-6.76,-2.012,15.32,20.0,20.0,20.0,Zinc_Anchor
2it4,11.974,53.872,39.25,20.0,20.0,20.0,Zinc_Anchor
2nmx,-25.361,-0.623,-11.312,20.0,20.0,20.0,Zinc_Anchor
2nn1,-25.524,-0.703,-11.338,20.0,20.0,20.0,Zinc_Anchor
2nn7,-25.529,-0.654,-11.387,20.0,20.0,20.0,Zinc_Anchor
2nng,-6.707,-1.583,15.261,20.0,20.0,20.0,Zinc_Anchor
2nno,-6.736,-1.597,15.292,20.0,20.0,20.0,Zinc_Anchor
2nns,-6.744,-1.493,15.289,20.0,20.0,20.0,Zinc_Anchor
2nnv,-6.772,-1.791,15.291,20.0,20.0,20.0,Zinc_Anchor
2nwo,-6.807,-2.071,15.415,20.0,20.0,20.0,Zinc_Anchor
2nwp,-6.774,-2.063,15.411,20.0,20.0,20.0,Zinc_Anchor
2nwy,-6.621,-2.039,15.459,20.0,20.0,20.0,Zinc_Anchor
2nwz,-6.601,-2.079,15.433,20.0,20.0,20.0,Zinc_Anchor
2nxr,-6.904,-2.117,15.419,20.0,20.0,20.0,Zinc_Anchor
2nxs,-6.943,-2.144,15.418,20.0,20.0,20.0,Zinc_Anchor
2nxt,-6.777,-2.076,15.434,20.0,20.0,20.0,Zinc_Anchor
2o4z,-6.663,-1.599,15.262,20.0,20.0,20.0,Zinc_Anchor
2osf,-6.684,-2.009,15.485,20.0,20.0,20.0,Zinc_Anchor
2osm,-6.683,-1.865,15.552,20.0,20.0,20.0,Zinc_Anchor
2pou,-6.689,-1.764,15.282,20.0,20.0,20.0,Zinc_Anchor
2pov,-6.705,-1.609,15.328,20.0,20.0,20.0,Zinc_Anchor
2pow,-6.687,-1.635,15.408,20.0,20.0,20.0,Zinc_Anchor
2q1b,18.578,1.111,11.296,20.0,20.0,20.0,Zinc_Anchor
2q1q,-6.719,-1.515,15.306,20.0,20.0,20.0,Zinc_Anchor
2q38,14.352,0.373,15.348,20.0,20.0,20.0,Zinc_Anchor
2qo8,-6.602,-1.582,15.142,20.0,20.0,20.0,Zinc_Anchor
2qoa,-6.747,-1.618,15.195,20.0,20.0,20.0,Zinc_Anchor
2qp6,-6.664,-1.763,15.266,20.0,20.0,20.0,Zinc_Anchor
2vva,-6.872,-1.641,15.348,20.0,20.0,20.0,Zinc_Anchor
2vvb,-6.855,-1.627,15.459,20.0,20.0,20.0,Zinc_Anchor
2w2j,6.31,32.441,28.789,20.0,20.0,20.0,Ligand_Centroid
2wd2,2.969,6.552,-14.555,20.0,20.0,20.0,Zinc_Anchor
2wd3,-14.562,8.945,-15.389,20.0,20.0,20.0,Zinc_Anchor
2weg,14.436,0.163,15.244,20.0,20.0,20.0,Zinc_Anchor
2weh,14.419,0.13,15.315,20.0,20.0,20.0,Zinc_Anchor
2wej,14.575,0.131,15.423,20.0,20.0,20.0,Zinc_Anchor
2weo,6.738,-0.196,15.225,20.0,20.0,20.0,Zinc_Anchor
2x7s,23.189,28.851,15.092,20.0,20.0,20.0,Zinc_Anchor
2x7t,-1.675,0.417,11.642,20.0,20.0,20.0,Zinc_Anchor
2x7u,4.52,4.701,-14.274,20.0,20.0,20.0,Zinc_Anchor
3b4f,-6.625,-1.575,15.463,20.0,20.0,20.0,Zinc_Anchor
3bet,-6.632,-1.589,15.193,20.0,20.0,20.0,Zinc_Anchor
3bl0,-6.597,-1.633,15.377,20.0,20.0,20.0,Zinc_Anchor
3bl1,-6.663,-1.521,15.327,20.0,20.0,20.0,Zinc_Anchor
3c7p,-6.755,-1.688,15.208,20.0,20.0,20.0,Zinc_Anchor
3ca2,-6.868,-1.603,15.446,20.0,20.0,20.0,Zinc_Anchor
3caj,-6.719,-1.76,15.219,20.0,20.0,20.0,Zinc_Anchor
3cyu,10.761,-6.293,20.067,20.0,20.0,20.0,Zinc_Anchor
3czv,38.406,59.937,28.09,20.0,20.0,20.0,Zinc_Anchor
3d0n,14.142,14.285,21.414,20.0,20.0,20.0,Zinc_Anchor
3d8w,-6.874,-1.644,15.372,20.0,20.0,20.0,Zinc_Anchor
3d92,-6.897,-1.507,15.506,20.0,20.0,20.0,Zinc_Anchor
3d93,-3.587,-8.346,14.173,20.0,20.0,20.0,Ligand_Centroid
3d9z,-6.851,-2.074,15.39,20.0,20.0,20.0,Zinc_Anchor
3da2,15.9,2.151,18.625,20.0,20.0,20.0,Zinc_Anchor
3daz,-6.836,-2.016,15.371,20.0,20.0,20.0,Zinc_Anchor
3dbu,-6.774,-1.603,15.362,20.0,20.0,20.0,Zinc_Anchor
3dc3,-6.838,-1.687,15.42,20.0,20.0,20.0,Zinc_Anchor
3dc9,-6.68,-2.008,15.376,20.0,20.0,20.0,Zinc_Anchor
3dcc,-6.884,-2.038,15.413,20.0,20.0,20.0,Zinc_Anchor
3dcs,-6.846,-2.008,15.418,20.0,20.0,20.0,Zinc_Anchor
3dcw,-6.788,-1.558,15.368,20.0,20.0,20.0,Zinc_Anchor
3dd0,-6.835,-1.794,15.385,20.0,20.0,20.0,Zinc_Anchor
3dd8,-6.832,-1.662,15.475,20.0,20.0,20.0,Zinc_Anchor
3dv7,-6.792,-1.655,15.425,20.0,20.0,20.0,Zinc_Anchor
3dvb,-6.787,-1.61,15.434,20.0,20.0,20.0,Zinc_Anchor
3dvc,-6.777,-1.64,15.361,20.0,20.0,20.0,Zinc_Anchor
3dvd,-6.73,-1.601,15.398,20.0,20.0,20.0,Zinc_Anchor
3efi,-6.605,-1.563,15.34,20.0,20.0,20.0,Zinc_Anchor
3eft,-6.647,-1.554,15.367,20.0,20.0,20.0,Zinc_Anchor
3f4x,-6.566,-1.558,15.313,20.0,20.0,20.0,Zinc_Anchor
3f7b,-43.215,-46.727,3.606,20.0,20.0,20.0,Zinc_Anchor
3f7u,48.183,58.596,115.208,20.0,20.0,20.0,Zinc_Anchor
3f8e,-6.76,-1.593,15.401,20.0,20.0,20.0,Zinc_Anchor
3fe4,22.373,53.509,102.089,20.0,20.0,20.0,Ligand_Centroid
3ffp,-6.736,-1.569,15.324,20.0,20.0,20.0,Zinc_Anchor
3fw3,11.031,1.928,0.612,20.0,20.0,20.0,Zinc_Anchor
3gz0,-6.713,-1.588,15.426,20.0,20.0,20.0,Zinc_Anchor
3hfp,-6.618,-1.588,15.355,20.0,20.0,20.0,Zinc_Anchor
3hkn,14.555,0.194,15.432,20.0,20.0,20.0,Zinc_Anchor
3hkq,14.593,0.148,15.459,20.0,20.0,20.0,Zinc_Anchor
3hkt,14.385,0.171,15.316,20.0,20.0,20.0,Zinc_Anchor
3hku,14.414,0.131,15.444,20.0,20.0,20.0,Zinc_Anchor
3hlj,-6.481,-1.639,15.293,20.0,20.0,20.0,Zinc_Anchor
3hs4,-6.72,-1.684,15.288,20.0,20.0,20.0,Zinc_Anchor
3iai,64.126,59.56,-8.617,20.0,20.0,20.0,Zinc_Anchor
3ibi,-6.616,-1.685,15.167,20.0,20.0,20.0,Zinc_Anchor
3ibl,-6.712,-1.596,15.257,20.0,20.0,20.0,Zinc_Anchor
3ibn,-6.569,-1.679,15.222,20.0,20.0,20.0,Zinc_Anchor
3ibu,-6.671,-1.635,15.251,20.0,20.0,20.0,Zinc_Anchor
3ieo,-6.723,-1.526,15.365,20.0,20.0,20.0,Zinc_Anchor
3igp,-6.698,-1.617,15.284,20.0,20.0,20.0,Zinc_Anchor
3k2f,-6.626,-1.622,15.178,20.0,20.0,20.0,Zinc_Anchor
3k34,-6.649,-1.542,15.239,20.0,20.0,20.0,Zinc_Anchor
3k7k,-6.664,-1.554,15.372,20.0,20.0,20.0,Zinc_Anchor
3kig,14.511,0.445,15.435,20.0,20.0,20.0,Zinc_Anchor
3kkx,-6.735,-2.066,15.38,20.0,20.0,20.0,Zinc_Anchor
3kne,14.568,-0.197,15.258,20.0,20.0,20.0,Zinc_Anchor
3koi,-7.043,-1.795,15.511,20.0,20.0,20.0,Ligand_Centroid
3kok,-6.669,-1.421,15.362,20.0,20.0,20.0,Ligand_Centroid
3kon,-6.675,-1.422,15.383,20.0,20.0,20.0,Ligand_Centroid
3ks3,-6.745,-1.548,15.342,20.0,20.0,20.0,Zinc_Anchor
3kwa,-6.644,-1.594,15.326,20.0,20.0,20.0,Zinc_Anchor
3l14,-6.787,-1.849,15.488,20.0,20.0,20.0,Zinc_Anchor
3lxe,5.964,34.648,48.842,20.0,20.0,20.0,Zinc_Anchor
3m04,14.507,0.436,15.448,20.0,20.0,20.0,Zinc_Anchor
3m14,14.507,0.474,15.221,20.0,20.0,20.0,Zinc_Anchor
3m1j,-6.682,-1.573,15.43,20.0,20.0,20.0,Zinc_Anchor
3m1k,14.593,0.395,15.511,20.0,20.0,20.0,Zinc_Anchor
3m1q,14.514,0.45,15.408,20.0,20.0,20.0,Zinc_Anchor
3m1w,14.498,0.149,15.344,20.0,20.0,20.0,Zinc_Anchor
3m2n,-6.839,-1.684,15.254,20.0,20.0,20.0,Zinc_Anchor
3m2x,14.483,0.081,15.421,20.0,20.0,20.0,Zinc_Anchor
3m2y,18.56,1.036,11.312,20.0,20.0,20.0,Zinc_Anchor
3m2z,14.582,0.407,15.535,20.0,20.0,20.0,Zinc_Anchor
3m3x,-6.652,-1.669,15.304,20.0,20.0,20.0,Zinc_Anchor
3m40,-6.787,-1.663,15.392,20.0,20.0,20.0,Zinc_Anchor
3m5e,-6.837,-1.668,15.344,20.0,20.0,20.0,Zinc_Anchor
3m5s,14.494,0.386,15.284,20.0,20.0,20.0,Zinc_Anchor
3m5t,14.828,0.321,15.348,20.0,20.0,20.0,Zinc_Anchor
3m67,-6.596,-1.616,15.328,20.0,20.0,20.0,Zinc_Anchor
3m96,-6.616,-1.717,15.214,20.0,20.0,20.0,Zinc_Anchor
3m98,-6.598,-1.682,15.342,20.0,20.0,20.0,Zinc_Anchor
3mdz,14.753,14.107,80.907,20.0,20.0,20.0,Zinc_Anchor
3mhc,-6.678,-1.57,15.226,20.0,20.0,20.0,Zinc_Anchor
3mhi,-6.777,-1.617,15.264,20.0,20.0,20.0,Zinc_Anchor
3mhl,-6.429,-1.682,15.121,20.0,20.0,20.0,Zinc_Anchor
3mhm,-6.591,-1.705,15.353,20.0,20.0,20.0,Zinc_Anchor
3mho,-6.72,-1.689,15.36,20.0,20.0,20.0,Zinc_Anchor
3ml2,-6.665,-1.188,15.167,20.0,20.0,20.0,Zinc_Anchor
3ml5,1.215,-0.903,18.853,20.0,20.0,20.0,Zinc_Anchor
3mmf,-6.725,-1.773,15.264,20.0,20.0,20.0,Zinc_Anchor
3mna,-6.735,-1.175,15.267,20.0,20.0,20.0,Zinc_Anchor
3mnh,-2.372,-2.092,19.86,20.0,20.0,20.0,Zinc_Anchor
3mni,-2.374,-1.339,19.875,20.0,20.0,20.0,Zinc_Anchor
3mnj,-2.422,-1.406,19.802,20.0,20.0,20.0,Zinc_Anchor
3mnk,-2.403,-2.097,19.853,20.0,20.0,20.0,Zinc_Anchor
3mnu,-6.623,-1.7,15.161,20.0,20.0,20.0,Zinc_Anchor
3mwo,27.552,1.276,15.21,20.0,20.0,20.0,Zinc_Anchor
3myq,-6.644,-1.683,15.241,20.0,20.0,20.0,Zinc_Anchor
3mzc,-6.716,-1.556,15.27,20.0,20.0,20.0,Zinc_Anchor
3n0n,-6.73,-1.548,15.254,20.0,20.0,20.0,Zinc_Anchor
3n2p,-6.71,-1.515,15.272,20.0,20.0,20.0,Zinc_Anchor
3n3j,-6.778,-1.589,15.206,20.0,20.0,20.0,Zinc_Anchor
3n4b,-6.685,-1.557,15.263,20.0,20.0,20.0,Zinc_Anchor
3nb5,14.586,0.222,15.287,20.0,20.0,20.0,Zinc_Anchor
3ni5,-6.723,-1.605,15.3,20.0,20.0,20.0,Zinc_Anchor
3nj9,-6.643,-1.542,15.452,20.0,20.0,20.0,Zinc_Anchor
3oik,-6.745,-2.031,15.392,20.0,20.0,20.0,Zinc_Anchor
3oil,-6.529,-1.884,15.173,20.0,20.0,20.0,Zinc_Anchor
3oim,-6.556,-1.802,15.113,20.0,20.0,20.0,Zinc_Anchor
3oku,-6.628,-1.732,15.164,20.0,20.0,20.0,Zinc_Anchor
3okv,-6.744,-1.317,15.414,20.0,20.0,20.0,Zinc_Anchor
3oy0,-6.69,-1.514,15.321,20.0,20.0,20.0,Zinc_Anchor
3oyq,-6.714,-1.549,15.272,20.0,20.0,20.0,Zinc_Anchor
3oys,-6.705,-1.524,15.249,20.0,20.0,20.0,Zinc_Anchor
3p3h,14.503,0.214,15.318,20.0,20.0,20.0,Zinc_Anchor
3p3j,14.49,0.205,15.394,20.0,20.0,20.0,Zinc_Anchor
3p44,14.606,0.111,15.339,20.0,20.0,20.0,Zinc_Anchor
3p4v,14.518,-1.043,15.313,20.0,20.0,20.0,Zinc_Anchor
3p55,14.556,0.111,15.314,20.0,20.0,20.0,Zinc_Anchor
3p58,-6.594,-1.405,15.344,20.0,20.0,20.0,Zinc_Anchor
3p5a,-6.613,-1.335,15.419,20.0,20.0,20.0,Zinc_Anchor
3p5l,-6.623,-1.287,15.342,20.0,20.0,20.0,Zinc_Anchor
3pjj,10.687,-6.163,19.961,20.0,20.0,20.0,Zinc_Anchor
3po6,-6.684,-1.658,15.308,20.0,20.0,20.0,Zinc_Anchor
3pyk,14.472,-0.834,15.466,20.0,20.0,20.0,Zinc_Anchor
3qyk,-6.673,-1.474,15.402,20.0,20.0,20.0,Zinc_Anchor
3r16,14.507,-1.93,15.248,20.0,20.0,20.0,Zinc_Anchor
3r17,14.477,-1.821,15.245,20.0,20.0,20.0,Zinc_Anchor
3rg3,-6.734,-2.209,15.365,20.0,20.0,20.0,Zinc_Anchor
3rg4,-6.671,-1.681,15.349,20.0,20.0,20.0,Zinc_Anchor
3rge,-6.693,-1.685,15.349,20.0,20.0,20.0,Zinc_Anchor
3rj7,14.325,-1.292,15.317,20.0,20.0,20.0,Zinc_Anchor
3rld,-6.997,-1.681,15.515,20.0,20.0,20.0,Zinc_Anchor
3ryj,14.482,-2.235,15.352,20.0,20.0,20.0,Zinc_Anchor
3ryv,14.35,-2.525,15.271,20.0,20.0,20.0,Zinc_Anchor
3ryx,14.537,-2.544,15.379,20.0,20.0,20.0,Zinc_Anchor
3ryy,14.373,-1.602,15.33,20.0,20.0,20.0,Zinc_Anchor
3ryz,14.347,-1.534,15.301,20.0,20.0,20.0,Zinc_Anchor
3rz0,14.544,-2.246,15.406,20.0,20.0,20.0,Zinc_Anchor
3rz1,14.301,-1.563,15.347,20.0,20.0,20.0,Zinc_Anchor
3rz5,14.319,-1.571,15.362,20.0,20.0,20.0,Zinc_Anchor
3rz7,14.343,-1.591,15.352,20.0,20.0,20.0,Zinc_Anchor
3rz8,14.289,-1.565,15.339,20.0,20.0,20.0,Zinc_Anchor
3s71,14.341,-1.574,15.372,20.0,20.0,20.0,Zinc_Anchor
3s72,14.257,-1.602,15.41,20.0,20.0,20.0,Zinc_Anchor
3s73,14.671,-1.662,15.43,20.0,20.0,20.0,Zinc_Anchor
3s74,14.249,-1.574,15.329,20.0,20.0,20.0,Zinc_Anchor
3s75,14.356,-1.542,15.358,20.0,20.0,20.0,Zinc_Anchor
3s76,14.308,-1.558,15.405,20.0,20.0,20.0,Zinc_Anchor
3s77,14.373,-1.585,15.323,20.0,20.0,20.0,Zinc_Anchor
3s78,14.365,-1.508,15.245,20.0,20.0,20.0,Zinc_Anchor
3s8x,-6.699,-1.677,15.327,20.0,20.0,20.0,Zinc_Anchor
3s9t,-6.654,-1.702,15.262,20.0,20.0,20.0,Zinc_Anchor
3sap,-6.586,-1.701,15.261,20.0,20.0,20.0,Zinc_Anchor
3sax,-6.679,-1.714,15.321,20.0,20.0,20.0,Zinc_Anchor
3sbh,-6.644,-1.691,15.269,20.0,20.0,20.0,Zinc_Anchor
3sbi,-6.713,-1.708,15.34,20.0,20.0,20.0,Zinc_Anchor
3t5u,-6.58,-1.646,15.225,20.0,20.0,20.0,Zinc_Anchor
3t5z,-6.624,-1.579,15.256,20.0,20.0,20.0,Zinc_Anchor
3t82,14.501,0.682,15.361,20.0,20.0,20.0,Zinc_Anchor
3t83,14.588,-1.401,15.412,20.0,20.0,20.0,Zinc_Anchor
3t84,14.463,-2.379,15.317,20.0,20.0,20.0,Zinc_Anchor
3t85,14.465,-0.015,15.351,20.0,20.0,20.0,Zinc_Anchor
3tmj,-6.79,-2.511,15.399,20.0,20.0,20.0,Zinc_Anchor
3tvn,-6.613,-2.914,15.316,20.0,20.0,20.0,Zinc_Anchor
3tvo,-6.77,-1.737,15.431,20.0,20.0,20.0,Zinc_Anchor
3u3a,-6.653,-2.042,15.295,20.0,20.0,20.0,Zinc_Anchor
3u45,14.375,-1.992,15.333,20.0,20.0,20.0,Zinc_Anchor
3u47,14.403,-1.576,15.314,20.0,20.0,20.0,Zinc_Anchor
3u7c,-6.741,-1.518,15.3,20.0,20.0,20.0,Zinc_Anchor
3uyn,53.356,60.099,21.418,20.0,20.0,20.0,Zinc_Anchor
3uyq,53.446,3.508,46.757,20.0,20.0,20.0,Zinc_Anchor
3v2j,-6.847,-1.567,15.394,20.0,20.0,20.0,Zinc_Anchor
3v2m,-6.738,-1.544,15.377,20.0,20.0,20.0,Zinc_Anchor
3v3f,-2.191,10.828,-16.638,20.0,20.0,20.0,Zinc_Anchor
3v3g,-2.15,10.807,-16.621,20.0,20.0,20.0,Zinc_Anchor
3v3h,-2.338,10.944,-16.754,20.0,20.0,20.0,Zinc_Anchor
3v3i,-2.18,10.835,-16.733,20.0,20.0,20.0,Zinc_Anchor
3v3j,3.314,11.5,16.975,20.0,20.0,20.0,Zinc_Anchor
3v5g,-6.757,-1.61,15.218,20.0,20.0,20.0,Zinc_Anchor
3v7x,14.403,0.084,15.208,20.0,20.0,20.0,Zinc_Anchor
3vbd,-6.628,-1.667,15.277,20.0,20.0,20.0,Zinc_Anchor
3w6h,25.695,-0.858,14.182,20.0,20.0,20.0,Zinc_Anchor
3w6i,36.862,-2.083,-10.064,20.0,20.0,20.0,Zinc_Anchor
3zp9,14.577,-2.46,15.442,20.0,20.0,20.0,Zinc_Anchor
4bcw,-6.46,-1.472,15.341,20.0,20.0,20.0,Zinc_Anchor
4bf1,-6.794,-1.618,15.381,20.0,20.0,20.0,Zinc_Anchor
4bf6,-6.696,-1.608,15.292,20.0,20.0,20.0,Zinc_Anchor
4ca2,-6.61,-1.585,15.541,20.0,20.0,20.0,Zinc_Anchor
4cac,-6.787,-1.626,15.4,20.0,20.0,20.0,Zinc_Anchor
4cq0,14.527,-1.113,15.264,20.0,20.0,20.0,Zinc_Anchor
4dz7,-6.709,-1.516,15.319,20.0,20.0,20.0,Zinc_Anchor
4dz9,-6.709,-1.52,15.321,20.0,20.0,20.0,Zinc_Anchor
4e3d,14.377,-1.434,15.351,20.0,20.0,20.0,Zinc_Anchor
4e3f,14.444,-1.711,15.417,20.0,20.0,20.0,Zinc_Anchor
4e3g,14.56,-1.774,15.232,20.0,20.0,20.0,Zinc_Anchor
4e3h,14.512,-1.778,15.283,20.0,20.0,20.0,Zinc_Anchor
4e49,14.508,-1.797,15.305,20.0,20.0,20.0,Zinc_Anchor
4e4a,14.453,-1.368,15.318,20.0,20.0,20.0,Zinc_Anchor
4e5q,-6.769,-1.584,15.209,20.0,20.0,20.0,Zinc_Anchor
4fik,-6.434,-1.493,15.437,20.0,20.0,20.0,Zinc_Anchor
4fl7,-6.609,-1.541,15.265,20.0,20.0,20.0,Zinc_Anchor
4fpt,14.429,-0.075,15.345,20.0,20.0,20.0,Zinc_Anchor
4frc,14.397,-0.052,15.436,20.0,20.0,20.0,Zinc_Anchor
4fu5,14.398,0.23,15.364,20.0,20.0,20.0,Zinc_Anchor
4fvn,14.426,0.088,15.368,20.0,20.0,20.0,Zinc_Anchor
4fvo,14.442,0.174,15.368,20.0,20.0,20.0,Zinc_Anchor
4g0c,-6.814,-1.752,15.419,20.0,20.0,20.0,Zinc_Anchor
4gl1,-6.531,-1.534,15.197,20.0,20.0,20.0,Zinc_Anchor
4hba,-3.048,-1.577,84.625,20.0,20.0,20.0,Zinc_Anchor
4hew,-6.833,-1.558,15.354,20.0,20.0,20.0,Zinc_Anchor
4hey,-6.707,-1.523,15.132,20.0,20.0,20.0,Zinc_Anchor
4hez,-6.813,-1.664,15.173,20.0,20.0,20.0,Zinc_Anchor
4hf3,-6.769,-1.513,15.227,20.0,20.0,20.0,Zinc_Anchor
4ht0,-6.551,-1.696,15.197,20.0,20.0,20.0,Zinc_Anchor
4ht2,12.985,4.354,22.372,20.0,20.0,20.0,Zinc_Anchor
4hu1,-20.709,-20.086,20.08,20.0,20.0,20.0,Zinc_Anchor
4idr,-6.77,-1.737,15.431,20.0,20.0,20.0,Zinc_Anchor
4ilx,14.517,-1.811,15.277,20.0,20.0,20.0,Zinc_Anchor
4ito,-6.694,-1.519,15.347,20.0,20.0,20.0,Zinc_Anchor
4itp,14.493,-1.751,15.284,20.0,20.0,20.0,Zinc_Anchor
4iwz,14.482,-1.379,15.187,20.0,20.0,20.0,Zinc_Anchor
4js6,13.995,-1.716,14.8,20.0,20.0,20.0,Zinc_Anchor
4jsa,14.031,-1.625,14.861,20.0,20.0,20.0,Zinc_Anchor
4jss,13.883,-1.433,14.789,20.0,20.0,20.0,Zinc_Anchor
4jsw,13.823,-1.708,14.616,20.0,20.0,20.0,Zinc_Anchor
4jsz,13.972,-1.493,14.595,20.0,20.0,20.0,Zinc_Anchor
4k0s,14.623,-1.551,15.493,20.0,20.0,20.0,Zinc_Anchor
4k0t,14.565,-1.423,15.251,20.0,20.0,20.0,Zinc_Anchor
4k0z,-13.872,-2.524,10.553,20.0,20.0,20.0,Zinc_Anchor
4k13,14.639,-1.583,15.468,20.0,20.0,20.0,Zinc_Anchor
4k1q,-13.63,-3.325,11.991,20.0,20.0,20.0,Zinc_Anchor
4kap,14.411,34.828,15.377,20.0,20.0,20.0,Zinc_Anchor
4kni,-6.528,-1.766,15.285,20.0,20.0,20.0,Zinc_Anchor
4knj,-6.593,-1.797,15.194,20.0,20.0,20.0,Zinc_Anchor
4knm,14.229,13.971,21.089,20.0,20.0,20.0,Zinc_Anchor
4knn,-20.574,-20.244,20.059,20.0,20.0,20.0,Zinc_Anchor
4kp5,14.78,3.164,-13.064,20.0,20.0,20.0,Zinc_Anchor
4kp8,13.03,4.345,22.432,20.0,20.0,20.0,Zinc_Anchor
4kuv,-6.731,-1.558,15.331,20.0,20.0,20.0,Zinc_Anchor
4kuw,-6.701,-1.647,15.267,20.0,20.0,20.0,Zinc_Anchor
4kuy,-6.671,-1.663,15.267,20.0,20.0,20.0,Zinc_Anchor
4kv0,-6.694,-1.66,15.294,20.0,20.0,20.0,Zinc_Anchor
4l5u,-3.375,-0.841,85.614,20.0,20.0,20.0,Zinc_Anchor
4l5v,-3.438,-1.64,85.287,20.0,20.0,20.0,Zinc_Anchor
4l5w,-3.385,-1.701,85.057,20.0,20.0,20.0,Zinc_Anchor
4lhi,14.348,0.098,15.239,20.0,20.0,20.0,Zinc_Anchor
4lp6,3.084,-2.112,72.823,20.0,20.0,20.0,Zinc_Anchor
4lu3,69.518,35.295,6.136,20.0,20.0,20.0,Zinc_Anchor
4m2r,14.485,-1.723,15.316,20.0,20.0,20.0,Zinc_Anchor
4m2u,14.605,-1.63,15.319,20.0,20.0,20.0,Zinc_Anchor
4m2v,-2.731,-1.543,85.97,20.0,20.0,20.0,Zinc_Anchor
4m2w,14.842,-1.613,15.399,20.0,20.0,20.0,Zinc_Anchor
4mdg,-6.515,0.008,15.33,20.0,20.0,20.0,Zinc_Anchor
4mdl,-6.53,-1.777,15.225,20.0,20.0,20.0,Zinc_Anchor
4mdm,-6.517,-1.687,15.298,20.0,20.0,20.0,Zinc_Anchor
4mlt,14.486,-1.534,15.371,20.0,20.0,20.0,Zinc_Anchor
4mlx,14.392,-1.695,15.374,20.0,20.0,20.0,Zinc_Anchor
4mo8,-6.602,-1.63,15.28,20.0,20.0,20.0,Zinc_Anchor
4mty,-6.833,-1.552,15.274,20.0,20.0,20.0,Zinc_Anchor
4n0x,14.565,-3.988,15.396,20.0,20.0,20.0,Zinc_Anchor
4n16,-3.519,-0.762,84.792,20.0,20.0,20.0,Zinc_Anchor
4pq7,-6.695,-1.596,15.198,20.0,20.0,20.0,Zinc_Anchor
4pxx,43.707,83.361,16.452,20.0,20.0,20.0,Zinc_Anchor
4pyx,-6.563,-1.844,15.279,20.0,20.0,20.0,Zinc_Anchor
4pyy,14.397,0.189,15.266,20.0,20.0,20.0,Zinc_Anchor
4pzh,14.444,0.242,15.236,20.0,20.0,20.0,Zinc_Anchor
4q06,-6.445,-1.816,15.359,20.0,20.0,20.0,Zinc_Anchor
4q07,-6.583,-1.941,15.474,20.0,20.0,20.0,Zinc_Anchor
4q08,-6.221,-1.743,15.212,20.0,20.0,20.0,Zinc_Anchor
4q09,-6.165,-1.759,15.197,20.0,20.0,20.0,Zinc_Anchor
4q0l,-8.997,9.917,14.272,20.0,20.0,20.0,Zinc_Anchor
4q49,-6.779,-2.264,15.31,20.0,20.0,20.0,Zinc_Anchor
4q6d,-6.708,-1.703,15.278,20.0,20.0,20.0,Zinc_Anchor
4q6e,-6.774,-1.713,15.332,20.0,20.0,20.0,Zinc_Anchor
4q78,14.462,-0.068,15.358,20.0,20.0,20.0,Zinc_Anchor
4q7p,14.529,-1.601,15.454,20.0,20.0,20.0,Zinc_Anchor
4q7s,14.54,-1.579,15.483,20.0,20.0,20.0,Zinc_Anchor
4q7v,14.427,-1.628,15.374,20.0,20.0,20.0,Zinc_Anchor
4q7w,14.425,-1.656,15.501,20.0,20.0,20.0,Zinc_Anchor
4q81,14.613,-1.549,15.449,20.0,20.0,20.0,Zinc_Anchor
4q83,14.537,-1.571,15.418,20.0,20.0,20.0,Zinc_Anchor
4q87,14.534,-1.49,15.479,20.0,20.0,20.0,Zinc_Anchor
4q8x,14.423,-1.681,15.252,20.0,20.0,20.0,Zinc_Anchor
4q8y,14.546,-1.684,15.362,20.0,20.0,20.0,Zinc_Anchor
4q8z,14.413,-1.56,15.108,20.0,20.0,20.0,Zinc_Anchor
4q90,14.393,-1.681,15.504,20.0,20.0,20.0,Zinc_Anchor
4q99,14.586,-1.581,15.336,20.0,20.0,20.0,Zinc_Anchor
4q9y,14.559,-1.588,15.344,20.0,20.0,20.0,Zinc_Anchor
4qef,-6.855,-1.985,15.376,20.0,20.0,20.0,Zinc_Anchor
4qiy,4.602,10.441,34.618,20.0,20.0,20.0,Zinc_Anchor
4qiz,-7.534,-19.963,6.516,20.0,20.0,20.0,Zinc_Anchor
4qj0,14.849,3.117,-12.979,20.0,20.0,20.0,Zinc_Anchor
4qjm,14.478,0.214,15.285,20.0,20.0,20.0,Zinc_Anchor
4qjo,12.829,4.245,22.224,20.0,20.0,20.0,Zinc_Anchor
4qjp,-20.486,-20.205,20.095,20.0,20.0,20.0,Zinc_Anchor
4qjw,12.852,4.414,22.173,20.0,20.0,20.0,Zinc_Anchor
4qjx,21.903,-6.306,6.438,20.0,20.0,20.0,Zinc_Anchor
4qk1,45.299,80.565,16.97,20.0,20.0,20.0,Zinc_Anchor
4qk2,-3.296,-0.627,84.875,20.0,20.0,20.0,Zinc_Anchor
4qk3,45.278,80.768,17.162,20.0,20.0,20.0,Zinc_Anchor
4qsa,-6.562,-1.731,15.253,20.0,20.0,20.0,Zinc_Anchor
4qsb,-6.594,-1.675,15.234,20.0,20.0,20.0,Zinc_Anchor
4qsi,-6.575,-1.731,15.269,20.0,20.0,20.0,Zinc_Anchor
4qsj,-20.767,-20.273,20.147,20.0,20.0,20.0,Zinc_Anchor
4qtl,-6.5,-1.768,15.278,20.0,20.0,20.0,Zinc_Anchor
4qy3,-6.732,-1.665,15.425,20.0,20.0,20.0,Zinc_Anchor
4r59,-2.578,-0.952,85.137,20.0,20.0,20.0,Zinc_Anchor
4r5a,-2.575,-1.204,85.6,20.0,20.0,20.0,Zinc_Anchor
4r5b,-3.51,-1.713,85.465,20.0,20.0,20.0,Zinc_Anchor
4rfc,14.555,-0.958,15.37,20.0,20.0,20.0,Zinc_Anchor
4rfd,-3.387,1.015,85.275,20.0,20.0,20.0,Zinc_Anchor
4rh2,-6.73,-1.69,15.303,20.0,20.0,20.0,Zinc_Anchor
4riu,-2.496,-1.0,85.014,20.0,20.0,20.0,Zinc_Anchor
4riv,-2.634,-1.434,85.279,20.0,20.0,20.0,Zinc_Anchor
4rn4,14.446,-1.162,15.22,20.0,20.0,20.0,Zinc_Anchor
4rux,-6.74,-1.496,15.193,20.0,20.0,20.0,Zinc_Anchor
4ruy,-6.721,-1.525,15.176,20.0,20.0,20.0,Zinc_Anchor
4ruz,-6.742,-1.427,15.243,20.0,20.0,20.0,Zinc_Anchor
4wl4,-6.625,-1.698,15.359,20.0,20.0,20.0,Zinc_Anchor
4wr7,12.007,54.673,39.521,20.0,20.0,20.0,Zinc_Anchor
4wup,12.413,54.274,39.479,20.0,20.0,20.0,Zinc_Anchor
4wuq,12.014,54.179,39.088,20.0,20.0,20.0,Zinc_Anchor
4ww6,14.397,0.163,15.34,20.0,20.0,20.0,Zinc_Anchor
4ww8,14.734,3.107,-13.073,20.0,20.0,20.0,Zinc_Anchor
4xe1,-6.682,-1.685,15.125,20.0,20.0,20.0,Zinc_Anchor
4y0j,-6.72,-1.798,15.473,20.0,20.0,20.0,Zinc_Anchor
4ygj,14.296,-1.658,15.392,20.0,20.0,20.0,Zinc_Anchor
4ygk,14.313,-1.562,15.498,20.0,20.0,20.0,Zinc_Anchor
4ygl,14.328,-1.666,15.457,20.0,20.0,20.0,Zinc_Anchor
4ygn,14.342,-1.646,15.48,20.0,20.0,20.0,Zinc_Anchor
4yvy,-6.74,-1.96,15.267,20.0,20.0,20.0,Zinc_Anchor
4ywp,-6.297,-1.672,15.438,20.0,20.0,20.0,Zinc_Anchor
4yx4,-3.506,0.407,85.314,20.0,20.0,20.0,Zinc_Anchor
4yxi,-3.633,-1.305,85.523,20.0,20.0,20.0,Zinc_Anchor
4yxo,-3.382,0.333,85.493,20.0,20.0,20.0,Zinc_Anchor
4yxu,-3.268,1.236,85.357,20.0,20.0,20.0,Zinc_Anchor
4yyt,-3.445,0.004,85.417,20.0,20.0,20.0,Zinc_Anchor
4z0q,14.291,0.065,15.349,20.0,20.0,20.0,Zinc_Anchor
4z1e,14.459,-0.001,15.371,20.0,20.0,20.0,Zinc_Anchor
4z1j,14.357,0.041,15.343,20.0,20.0,20.0,Zinc_Anchor
4z1k,14.31,0.069,15.358,20.0,20.0,20.0,Zinc_Anchor
4z1n,14.319,0.069,15.38,20.0,20.0,20.0,Zinc_Anchor
4zao,14.612,-1.378,15.319,20.0,20.0,20.0,Zinc_Anchor
4zwi,-6.711,-1.277,15.388,20.0,20.0,20.0,Zinc_Anchor
4zwx,-2.053,-0.257,84.689,20.0,20.0,20.0,Zinc_Anchor
4zwy,-6.673,-1.389,15.244,20.0,20.0,20.0,Zinc_Anchor
4zwz,14.6,-1.26,15.175,20.0,20.0,20.0,Zinc_Anchor
4zx0,-6.694,-1.608,15.409,20.0,20.0,20.0,Zinc_Anchor
4zx1,-2.384,-1.201,85.153,20.0,20.0,20.0,Zinc_Anchor
5a6h,-6.635,-1.208,15.382,20.0,20.0,20.0,Zinc_Anchor
5amd,-6.831,-1.7,15.365,20.0,20.0,20.0,Zinc_Anchor
5amg,-6.866,-1.727,15.334,20.0,20.0,20.0,Zinc_Anchor
5aml,-6.823,-1.747,15.361,20.0,20.0,20.0,Zinc_Anchor
5bnl,-6.673,-1.537,15.395,20.0,20.0,20.0,Zinc_Anchor
5bru,-3.42,-50.311,85.579,20.0,20.0,20.0,Zinc_Anchor
5brv,-3.125,-50.177,85.361,20.0,20.0,20.0,Zinc_Anchor
5brw,-3.555,-47.945,85.173,20.0,20.0,20.0,Zinc_Anchor
5byi,14.361,-0.795,15.273,20.0,20.0,20.0,Zinc_Anchor
5c8i,-6.865,-2.005,15.376,20.0,20.0,20.0,Zinc_Anchor
5ca2,-6.72,-1.543,15.471,20.0,20.0,20.0,Zinc_Anchor
5cac,-6.787,-1.626,15.4,20.0,20.0,20.0,Zinc_Anchor
5cjf,69.434,35.187,6.068,20.0,20.0,20.0,Zinc_Anchor
5clu,-6.862,-1.632,15.231,20.0,20.0,20.0,Zinc_Anchor
5dog,14.382,0.168,15.379,20.0,20.0,20.0,Zinc_Anchor
5doh,-10.106,10.418,15.807,20.0,20.0,20.0,Zinc_Anchor
5drs,14.452,0.226,15.215,20.0,20.0,20.0,Zinc_Anchor
5dsk,14.497,0.119,15.371,20.0,20.0,20.0,Zinc_Anchor
5dsl,14.519,0.113,15.352,20.0,20.0,20.0,Zinc_Anchor
5dsm,14.507,0.079,15.311,20.0,20.0,20.0,Zinc_Anchor
5dso,17.442,-6.668,13.956,20.0,20.0,20.0,Ligand_Centroid
5dsp,23.105,-10.419,14.789,20.0,20.0,20.0,Ligand_Centroid
5dsq,23.136,-10.415,14.744,20.0,20.0,20.0,Ligand_Centroid
5dsr,23.173,-10.385,14.741,20.0,20.0,20.0,Ligand_Centroid
5dvx,5.217,-2.469,-2.818,20.0,20.0,20.0,Zinc_Anchor
5e28,-6.736,-1.661,15.19,20.0,20.0,20.0,Zinc_Anchor
5e2k,-6.744,-1.631,15.235,20.0,20.0,20.0,Zinc_Anchor
5e2m,12.333,54.468,38.952,20.0,20.0,20.0,Zinc_Anchor
5e2n,-7.514,8.604,-20.132,20.0,20.0,20.0,Zinc_Anchor
5e2r,-6.732,-1.552,15.22,20.0,20.0,20.0,Zinc_Anchor
5e2s,-6.675,-1.63,15.246,20.0,20.0,20.0,Zinc_Anchor
5eh5,14.491,-1.134,15.266,20.0,20.0,20.0,Zinc_Anchor
5eh7,14.403,-1.144,15.351,20.0,20.0,20.0,Zinc_Anchor
5eh8,14.509,-1.235,15.426,20.0,20.0,20.0,Zinc_Anchor
5ehe,14.601,0.213,15.307,20.0,20.0,20.0,Zinc_Anchor
5ehv,14.455,-1.123,15.273,20.0,20.0,20.0,Zinc_Anchor
5ehw,14.58,-1.137,15.342,20.0,20.0,20.0,Zinc_Anchor
5eij,-6.751,-1.589,15.46,20.0,20.0,20.0,Zinc_Anchor
5ekh,-2.996,-1.721,85.29,20.0,20.0,20.0,Zinc_Anchor
5ekj,-3.176,-1.739,85.273,20.0,20.0,20.0,Zinc_Anchor
5ekm,-3.051,-1.755,85.194,20.0,20.0,20.0,Zinc_Anchor
5eoi,-6.635,-1.794,15.413,20.0,20.0,20.0,Zinc_Anchor
5fdc,-6.591,-1.688,15.225,20.0,20.0,20.0,Zinc_Anchor
5fdi,-6.529,-1.681,15.267,20.0,20.0,20.0,Zinc_Anchor
5fl4,24.938,-20.619,59.594,20.0,20.0,20.0,Zinc_Anchor
5fl5,-35.291,0.128,-16.169,20.0,20.0,20.0,Zinc_Anchor
5fl6,-35.489,0.15,-16.106,20.0,20.0,20.0,Zinc_Anchor
5flo,-6.874,-1.214,15.102,20.0,20.0,20.0,Zinc_Anchor
5flp,-6.828,-1.229,15.29,20.0,20.0,20.0,Zinc_Anchor
5flq,-6.812,-1.193,15.258,20.0,20.0,20.0,Zinc_Anchor
5flr,-6.743,-1.194,15.316,20.0,20.0,20.0,Zinc_Anchor
5fls,-6.821,-1.299,15.371,20.0,20.0,20.0,Zinc_Anchor
5flt,-6.625,-1.287,15.332,20.0,20.0,20.0,Zinc_Anchor
5fng,-6.715,-1.144,15.227,20.0,20.0,20.0,Zinc_Anchor
5fnh,-6.822,-1.212,15.38,20.0,20.0,20.0,Zinc_Anchor
5fni,-6.833,-1.164,15.299,20.0,20.0,20.0,Zinc_Anchor
5fnj,-6.749,-1.157,15.309,20.0,20.0,20.0,Zinc_Anchor
5fnk,-6.72,-1.211,15.251,20.0,20.0,20.0,Zinc_Anchor
5fnl,-6.723,-1.201,15.252,20.0,20.0,20.0,Zinc_Anchor
5fnm,-6.744,-1.326,15.443,20.0,20.0,20.0,Zinc_Anchor
5g01,14.684,-1.092,15.189,20.0,20.0,20.0,Zinc_Anchor
5g03,14.63,-1.195,15.228,20.0,20.0,20.0,Zinc_Anchor
5g0b,14.559,-1.279,15.386,20.0,20.0,20.0,Zinc_Anchor
5g0c,14.658,-1.176,15.207,20.0,20.0,20.0,Zinc_Anchor
5gmm,4.211,5.436,-46.582,20.0,20.0,20.0,Zinc_Anchor
5gmn,11.764,-1.798,7.917,20.0,20.0,20.0,Zinc_Anchor
5ipz,-32.409,49.529,12.26,20.0,20.0,20.0,Zinc_Anchor
5j8z,-6.717,-1.571,15.192,20.0,20.0,20.0,Zinc_Anchor
5jdv,14.295,-1.617,15.403,20.0,20.0,20.0,Zinc_Anchor
5je7,14.338,-1.613,15.358,20.0,20.0,20.0,Zinc_Anchor
5jeg,14.384,-1.61,15.346,20.0,20.0,20.0,Zinc_Anchor
5jeh,14.304,-1.656,15.31,20.0,20.0,20.0,Zinc_Anchor
5jep,14.434,-1.567,15.404,20.0,20.0,20.0,Zinc_Anchor
5jes,14.239,-1.607,15.313,20.0,20.0,20.0,Zinc_Anchor
5jg3,14.305,-1.584,15.531,20.0,20.0,20.0,Zinc_Anchor
5jg5,14.325,-1.606,15.334,20.0,20.0,20.0,Zinc_Anchor
5jgs,14.335,-1.628,15.309,20.0,20.0,20.0,Zinc_Anchor
5jgt,14.336,-1.594,15.367,20.0,20.0,20.0,Zinc_Anchor
5jmz,-2.464,-0.054,85.367,20.0,20.0,20.0,Zinc_Anchor
5jn3,-2.458,-1.71,85.289,20.0,20.0,20.0,Zinc_Anchor
5jn7,-3.159,-1.883,85.192,20.0,20.0,20.0,Zinc_Anchor
5jn8,18.085,-0.361,-0.792,20.0,20.0,20.0,Zinc_Anchor
5jn9,18.043,-0.416,-0.728,20.0,20.0,20.0,Zinc_Anchor
5jna,18.04,-0.383,-0.844,20.0,20.0,20.0,Zinc_Anchor
5jnc,18.011,-0.376,-0.743,20.0,20.0,20.0,Zinc_Anchor
5jq0,-6.671,-1.498,15.251,20.0,20.0,20.0,Zinc_Anchor
5jqt,-6.504,-1.462,15.312,20.0,20.0,20.0,Zinc_Anchor
5ku6,18.09,-0.407,-0.79,20.0,20.0,20.0,Zinc_Anchor
5ljq,-6.781,-1.7,15.29,20.0,20.0,20.0,Zinc_Anchor
5ljt,-6.777,-1.673,15.302,20.0,20.0,20.0,Zinc_Anchor
5ll4,10.228,-10.225,-15.84,20.0,20.0,20.0,Zinc_Anchor
5ll5,14.768,3.133,-13.0,20.0,20.0,20.0,Zinc_Anchor
5ll8,14.492,-2.221,15.29,20.0,20.0,20.0,Zinc_Anchor
5ll9,14.723,3.164,-13.035,20.0,20.0,20.0,Zinc_Anchor
5lla,-20.455,-20.259,20.04,20.0,20.0,20.0,Zinc_Anchor
5llc,-6.582,-1.599,15.274,20.0,20.0,20.0,Zinc_Anchor
5lle,-6.57,-1.73,15.287,20.0,20.0,20.0,Zinc_Anchor
5llg,-6.686,-1.725,15.29,20.0,20.0,20.0,Zinc_Anchor
5llh,-6.758,-1.777,15.334,20.0,20.0,20.0,Zinc_Anchor
5lln,-20.787,-20.266,20.072,20.0,20.0,20.0,Zinc_Anchor
5llo,14.737,2.918,-13.042,20.0,20.0,20.0,Zinc_Anchor
5llp,14.794,2.987,-13.072,20.0,20.0,20.0,Zinc_Anchor
5lmd,-6.746,-1.462,15.302,20.0,20.0,20.0,Zinc_Anchor
5m78,-3.916,-0.601,85.213,20.0,20.0,20.0,Zinc_Anchor
5mjn,-6.787,-1.617,15.349,20.0,20.0,20.0,Zinc_Anchor
5msa,14.743,3.081,-13.11,20.0,20.0,20.0,Zinc_Anchor
5msb,14.798,3.035,-13.081,20.0,20.0,20.0,Zinc_Anchor
5n0d,-6.72,-1.617,15.24,20.0,20.0,20.0,Zinc_Anchor
5n0e,-6.81,-1.633,15.326,20.0,20.0,20.0,Zinc_Anchor
5n1r,-6.711,-1.697,15.244,20.0,20.0,20.0,Zinc_Anchor
5n1s,-6.73,-1.686,15.253,20.0,20.0,20.0,Zinc_Anchor
5n24,-6.653,-1.62,15.14,20.0,20.0,20.0,Zinc_Anchor
5n25,-6.766,-1.605,15.181,20.0,20.0,20.0,Zinc_Anchor
5nea,-6.762,-1.624,15.244,20.0,20.0,20.0,Zinc_Anchor
5nee,-6.74,-1.642,15.133,20.0,20.0,20.0,Zinc_Anchor
5nxg,-6.637,0.05,15.196,20.0,20.0,20.0,Zinc_Anchor
5nxi,-6.791,0.073,15.379,20.0,20.0,20.0,Zinc_Anchor
5nxm,-6.754,0.067,15.336,20.0,20.0,20.0,Zinc_Anchor
5nxo,-6.832,0.137,15.294,20.0,20.0,20.0,Zinc_Anchor
5nxp,-6.623,0.039,15.254,20.0,20.0,20.0,Zinc_Anchor
5nxv,-6.647,0.058,15.264,20.0,20.0,20.0,Zinc_Anchor
5nxw,-6.818,0.081,15.283,20.0,20.0,20.0,Zinc_Anchor
5ny1,-6.669,0.078,15.307,20.0,20.0,20.0,Zinc_Anchor
5ny3,-6.755,0.088,15.311,20.0,20.0,20.0,Zinc_Anchor
5ny6,-6.582,0.038,15.282,20.0,20.0,20.0,Zinc_Anchor
5nya,-6.698,0.085,15.308,20.0,20.0,20.0,Zinc_Anchor
5o07,-6.689,-1.618,15.217,20.0,20.0,20.0,Zinc_Anchor
5ogj,-20.665,-20.214,20.09,20.0,20.0,20.0,Zinc_Anchor
5ogn,0.082,-0.753,-51.392,20.0,20.0,20.0,Zinc_Anchor
5ogo,14.191,0.098,15.337,20.0,20.0,20.0,Zinc_Anchor
5ogp,-6.253,0.163,15.395,20.0,20.0,20.0,Zinc_Anchor
5ohh,-20.592,-20.189,20.101,20.0,20.0,20.0,Zinc_Anchor
5sz0,-3.411,-2.521,85.065,20.0,20.0,20.0,Zinc_Anchor
5sz1,-3.199,-0.3,84.942,20.0,20.0,20.0,Zinc_Anchor
5sz2,-3.192,-0.214,84.918,20.0,20.0,20.0,Zinc_Anchor
5sz3,-3.49,-2.35,84.983,20.0,20.0,20.0,Zinc_Anchor
5sz4,14.617,0.452,15.478,20.0,20.0,20.0,Zinc_Anchor
5sz5,14.722,-1.341,15.383,20.0,20.0,20.0,Zinc_Anchor
5sz6,14.679,-1.31,15.372,20.0,20.0,20.0,Zinc_Anchor
5sz7,-2.395,0.705,85.401,20.0,20.0,20.0,Zinc_Anchor
5t71,14.437,-0.815,15.427,20.0,20.0,20.0,Zinc_Anchor
5t72,14.498,-0.749,15.351,20.0,20.0,20.0,Zinc_Anchor
5t74,14.53,-0.739,15.286,20.0,20.0,20.0,Zinc_Anchor
5t75,14.476,-0.746,15.374,20.0,20.0,20.0,Zinc_Anchor
5tfx,-3.747,-1.255,85.206,20.0,20.0,20.0,Zinc_Anchor
5th4,-6.702,-1.44,15.454,20.0,20.0,20.0,Zinc_Anchor
5thi,-6.779,-1.571,15.285,20.0,20.0,20.0,Zinc_Anchor
5thj,-6.731,-1.407,15.239,20.0,20.0,20.0,Zinc_Anchor
5thn,-6.525,-1.355,15.439,20.0,20.0,20.0,Zinc_Anchor
5ti0,-6.616,-1.38,15.467,20.0,20.0,20.0,Zinc_Anchor
5txy,14.376,-1.132,15.216,20.0,20.0,20.0,Zinc_Anchor
5ty1,-6.826,-1.224,15.141,20.0,20.0,20.0,Zinc_Anchor
5ty8,-6.818,-1.185,15.18,20.0,20.0,20.0,Zinc_Anchor
5ty9,-6.848,-1.201,15.106,20.0,20.0,20.0,Zinc_Anchor
5tya,-6.804,-1.151,15.232,20.0,20.0,20.0,Zinc_Anchor
5u0d,-6.671,-1.013,15.174,20.0,20.0,20.0,Zinc_Anchor
5u0e,-6.741,-1.205,15.269,20.0,20.0,20.0,Zinc_Anchor
5u0f,14.455,-1.4,15.249,20.0,20.0,20.0,Zinc_Anchor
5u0g,-6.757,-1.248,15.235,20.0,20.0,20.0,Zinc_Anchor
5uln,-3.583,-1.273,85.222,20.0,20.0,20.0,Zinc_Anchor
5umc,-3.546,-1.379,85.29,20.0,20.0,20.0,Zinc_Anchor
5vgy,-3.255,-0.857,85.079,20.0,20.0,20.0,Zinc_Anchor
5w8b,-6.565,-1.417,15.198,20.0,20.0,20.0,Zinc_Anchor
5wex,-3.508,-0.896,85.469,20.0,20.0,20.0,Zinc_Anchor
5wg7,-2.717,0.967,85.409,20.0,20.0,20.0,Zinc_Anchor
5wgp,-2.726,0.825,85.199,20.0,20.0,20.0,Zinc_Anchor
5wlr,-6.493,-1.373,15.422,20.0,20.0,20.0,Zinc_Anchor
5wlt,-6.849,-1.095,15.442,20.0,20.0,20.0,Zinc_Anchor
5wlu,-2.856,-0.891,85.462,20.0,20.0,20.0,Zinc_Anchor
5wlv,-6.751,-1.585,15.404,20.0,20.0,20.0,Zinc_Anchor
5y2r,14.427,0.12,15.292,20.0,20.0,20.0,Zinc_Anchor
5y2s,14.442,0.173,15.262,20.0,20.0,20.0,Zinc_Anchor
5yui,14.48,0.071,15.316,20.0,20.0,20.0,Zinc_Anchor
5yuj,14.504,0.127,15.354,20.0,20.0,20.0,Zinc_Anchor
5yuk,14.527,0.099,15.319,20.0,20.0,20.0,Zinc_Anchor
5zxw,-6.594,-0.048,15.409,20.0,20.0,20.0,Zinc_Anchor
6b4d,-6.732,-1.852,15.455,20.0,20.0,20.0,Zinc_Anchor
6b59,-6.746,-1.389,15.417,20.0,20.0,20.0,Zinc_Anchor
6b5a,-2.188,-1.351,84.977,20.0,20.0,20.0,Zinc_Anchor
6bbs,15.368,-0.356,16.156,20.0,20.0,20.0,Zinc_Anchor
6bc9,-6.822,-1.597,15.306,20.0,20.0,20.0,Zinc_Anchor
6bcc,-6.88,-1.575,15.379,20.0,20.0,20.0,Zinc_Anchor
6c7w,-6.636,-1.219,15.356,20.0,20.0,20.0,Zinc_Anchor
6c7x,-6.705,-1.207,15.384,20.0,20.0,20.0,Zinc_Anchor
6ca2,-6.702,-1.585,15.4,20.0,20.0,20.0,Zinc_Anchor
6ceh,-3.667,-0.343,85.565,20.0,20.0,20.0,Zinc_Anchor
6cjv,-27.198,-1.342,15.266,20.0,20.0,20.0,Zinc_Anchor
6d1l,-3.555,-0.64,85.112,20.0,20.0,20.0,Zinc_Anchor
6d1m,-3.204,-0.65,85.349,20.0,20.0,20.0,Zinc_Anchor
6e8p,-6.559,-1.366,15.35,20.0,20.0,20.0,Zinc_Anchor
6e8x,-6.405,-1.39,15.322,20.0,20.0,20.0,Zinc_Anchor
6e91,-6.369,-1.375,15.331,20.0,20.0,20.0,Zinc_Anchor
6e92,-6.452,-1.537,15.319,20.0,20.0,20.0,Zinc_Anchor
6ebe,-6.85,-1.622,15.465,20.0,20.0,20.0,Zinc_Anchor
6ecz,-6.806,-1.572,15.402,20.0,20.0,20.0,Zinc_Anchor
6eda,-6.85,-1.622,15.465,20.0,20.0,20.0,Zinc_Anchor
6eea,-6.538,-1.493,15.41,20.0,20.0,20.0,Zinc_Anchor
6eeh,-6.551,-1.462,15.452,20.0,20.0,20.0,Zinc_Anchor
6eeo,-6.532,-1.548,15.398,20.0,20.0,20.0,Zinc_Anchor
6equ,-6.582,-1.525,15.281,20.0,20.0,20.0,Zinc_Anchor
6evr,12.037,54.062,40.092,20.0,20.0,20.0,Zinc_Anchor
6ex1,12.3,54.507,39.499,20.0,20.0,20.0,Zinc_Anchor
6f3b,11.979,54.104,39.398,20.0,20.0,20.0,Zinc_Anchor
6faf,12.239,54.287,39.43,20.0,20.0,20.0,Zinc_Anchor
6fag,12.189,53.902,39.45,20.0,20.0,20.0,Zinc_Anchor
6fe0,-30.287,11.186,-59.252,20.0,20.0,20.0,Zinc_Anchor
6fe1,24.799,-20.419,-55.444,20.0,20.0,20.0,Zinc_Anchor
6fe2,-35.34,0.006,-16.112,20.0,20.0,20.0,Zinc_Anchor
6fji,-2.835,-1.141,86.034,20.0,20.0,20.0,Zinc_Anchor
6fjj,-2.805,-1.108,85.865,20.0,20.0,20.0,Zinc_Anchor
6g3q,-6.697,-1.699,15.315,20.0,20.0,20.0,Zinc_Anchor
6g3v,5.607,34.934,49.25,20.0,20.0,20.0,Zinc_Anchor
6g4t,12.626,25.942,9.936,20.0,20.0,20.0,Zinc_Anchor
6g5l,14.705,3.121,-13.086,20.0,20.0,20.0,Zinc_Anchor
6g5u,6.974,19.535,-20.299,20.0,20.0,20.0,Zinc_Anchor
6g6t,-6.627,-1.793,15.337,20.0,20.0,20.0,Zinc_Anchor
6g7a,14.772,3.155,-13.024,20.0,20.0,20.0,Zinc_Anchor
6g98,5.413,-31.71,-57.8,20.0,20.0,20.0,Zinc_Anchor
6g9u,24.831,-20.543,-55.219,20.0,20.0,20.0,Zinc_Anchor
6gcy,-2.779,-0.535,85.951,20.0,20.0,20.0,Zinc_Anchor
6gdc,-27.883,-1.317,15.357,20.0,20.0,20.0,Zinc_Anchor
6gm9,-27.979,-1.266,15.388,20.0,20.0,20.0,Zinc_Anchor
6got,-6.715,-1.701,15.28,20.0,20.0,20.0,Zinc_Anchor
6gxb,14.602,0.214,15.29,20.0,20.0,20.0,Zinc_Anchor
6gxe,14.602,0.209,15.347,20.0,20.0,20.0,Zinc_Anchor
6h29,-6.711,-1.13,15.199,20.0,20.0,20.0,Zinc_Anchor
6h2z,-6.673,-1.477,15.195,20.0,20.0,20.0,Zinc_Anchor
6h33,-6.662,-1.518,15.222,20.0,20.0,20.0,Zinc_Anchor
6h34,-6.716,-1.595,15.291,20.0,20.0,20.0,Zinc_Anchor
6h36,13.589,26.075,9.811,20.0,20.0,20.0,Zinc_Anchor
6h37,13.238,26.096,9.878,20.0,20.0,20.0,Zinc_Anchor
6h38,13.097,26.21,9.845,20.0,20.0,20.0,Zinc_Anchor
6h3q,-6.692,-1.679,15.249,20.0,20.0,20.0,Zinc_Anchor
6h6s,52.323,-6.635,59.478,20.0,20.0,20.0,Ligand_Centroid
6hd2,0.874,-2.114,-1.129,20.0,20.0,20.0,Zinc_Anchor
6hqx,-27.961,-1.373,15.382,20.0,20.0,20.0,Zinc_Anchor
6hr3,-27.898,-1.412,15.423,20.0,20.0,20.0,Zinc_Anchor
6hwz,5.42,34.867,49.004,20.0,20.0,20.0,Zinc_Anchor
6hx5,-6.624,-1.626,15.308,20.0,20.0,20.0,Zinc_Anchor
6hxd,14.391,-0.958,15.366,20.0,20.0,20.0,Zinc_Anchor
6i0j,11.941,54.118,39.482,20.0,20.0,20.0,Zinc_Anchor
6i0l,12.012,53.61,39.758,20.0,20.0,20.0,Zinc_Anchor
6i0w,-6.749,-1.644,15.372,20.0,20.0,20.0,Zinc_Anchor
6i1u,-3.665,-1.214,85.294,20.0,20.0,20.0,Zinc_Anchor
6i2f,-27.777,-1.327,15.32,20.0,20.0,20.0,Zinc_Anchor
6i3e,-6.801,-1.548,15.337,20.0,20.0,20.0,Zinc_Anchor
6ic2,-6.807,-1.709,15.373,20.0,20.0,20.0,Zinc_Anchor
6klz,14.387,0.065,15.297,20.0,20.0,20.0,Zinc_Anchor
6km0,14.393,0.059,15.319,20.0,20.0,20.0,Zinc_Anchor
6km1,14.404,0.09,15.298,20.0,20.0,20.0,Zinc_Anchor
6km2,14.404,0.09,15.298,20.0,20.0,20.0,Zinc_Anchor
6km3,14.409,0.004,15.297,20.0,20.0,20.0,Zinc_Anchor
6km4,14.433,0.031,15.354,20.0,20.0,20.0,Zinc_Anchor
6km5,14.445,0.03,15.298,20.0,20.0,20.0,Zinc_Anchor
6km6,14.441,0.035,15.283,20.0,20.0,20.0,Zinc_Anchor
6luu,23.218,-10.218,15.054,20.0,20.0,20.0,Ligand_Centroid
6luv,19.813,-8.118,14.388,20.0,20.0,20.0,Ligand_Centroid
6luw,14.447,-0.001,15.315,20.0,20.0,20.0,Zinc_Anchor
6lux,14.494,0.035,15.333,20.0,20.0,20.0,Zinc_Anchor
6luy,14.486,0.002,15.294,20.0,20.0,20.0,Zinc_Anchor
6luz,14.491,0.04,15.333,20.0,20.0,20.0,Zinc_Anchor
6lv1,20.887,-6.785,15.508,20.0,20.0,20.0,Ligand_Centroid
6lv2,19.371,-7.025,14.638,20.0,20.0,20.0,Ligand_Centroid
6lv3,22.749,-9.503,14.987,20.0,20.0,20.0,Ligand_Centroid
6lv4,18.723,-5.862,15.043,20.0,20.0,20.0,Ligand_Centroid
6lv5,23.217,-8.651,14.551,20.0,20.0,20.0,Ligand_Centroid
6lv6,19.91,-6.55,14.376,20.0,20.0,20.0,Ligand_Centroid
6lv7,23.348,-8.612,14.466,20.0,20.0,20.0,Ligand_Centroid
6lv8,19.963,-6.516,14.404,20.0,20.0,20.0,Ligand_Centroid
6lv9,23.239,-8.668,14.513,20.0,20.0,20.0,Ligand_Centroid
6lva,21.026,-8.692,13.651,20.0,20.0,20.0,Ligand_Centroid
6mbv,-27.652,-1.668,15.249,20.0,20.0,20.0,Zinc_Anchor
6mby,-27.661,-1.442,15.377,20.0,20.0,20.0,Zinc_Anchor
6nlv,-19.138,3.477,154.188,20.0,20.0,20.0,Zinc_Anchor
6nm0,-6.749,-1.653,15.257,20.0,20.0,20.0,Zinc_Anchor
6odz,-3.569,-0.565,85.302,20.0,20.0,20.0,Zinc_Anchor
6oe0,-3.887,-0.585,85.257,20.0,20.0,20.0,Zinc_Anchor
6oe1,-3.393,-0.57,85.1,20.0,20.0,20.0,Zinc_Anchor
6oti,-27.597,-1.208,15.45,20.0,20.0,20.0,Zinc_Anchor
6otk,-27.472,-1.523,15.357,20.0,20.0,20.0,Zinc_Anchor
6otm,14.632,0.104,15.299,20.0,20.0,20.0,Zinc_Anchor
6oto,-6.576,-0.975,15.131,20.0,20.0,20.0,Zinc_Anchor
6otp,-6.523,-1.272,15.178,20.0,20.0,20.0,Zinc_Anchor
6otq,-6.609,-1.438,15.248,20.0,20.0,20.0,Zinc_Anchor
6oub,-6.709,-1.379,15.187,20.0,20.0,20.0,Zinc_Anchor
6oud,14.685,-0.089,15.181,20.0,20.0,20.0,Zinc_Anchor
6oue,-6.678,-1.517,15.125,20.0,20.0,20.0,Zinc_Anchor
6ouf,-6.459,-0.859,15.322,20.0,20.0,20.0,Zinc_Anchor
6ouh,-6.725,-1.267,15.239,20.0,20.0,20.0,Zinc_Anchor
6oui,-2.973,-0.063,84.892,20.0,20.0,20.0,Zinc_Anchor
6ouj,-6.573,-1.365,15.22,20.0,20.0,20.0,Zinc_Anchor
6ouk,-6.72,-0.992,15.26,20.0,20.0,20.0,Zinc_Anchor
6oum,-2.649,-0.768,85.154,20.0,20.0,20.0,Zinc_Anchor
6pdv,-20.206,-7.196,14.714,20.0,20.0,20.0,Ligand_Centroid
6pea,2.871,-11.521,14.809,20.0,20.0,20.0,Ligand_Centroid
6pgx,-3.485,-0.576,85.544,20.0,20.0,20.0,Zinc_Anchor
6qeb,1.062,-4.687,2.914,20.0,20.0,20.0,Zinc_Anchor
6ql1,14.435,0.114,15.307,20.0,20.0,20.0,Zinc_Anchor
6ql2,14.515,0.162,15.297,20.0,20.0,20.0,Zinc_Anchor
6ql3,14.384,0.01,15.479,20.0,20.0,20.0,Zinc_Anchor
6qn0,-8.034,17.501,7.978,20.0,20.0,20.0,Zinc_Anchor
6qn2,5.429,31.973,1.91,20.0,20.0,20.0,Zinc_Anchor
6qn5,-35.142,0.174,-16.481,20.0,20.0,20.0,Zinc_Anchor
6qn6,-30.295,-11.322,1.99,20.0,20.0,20.0,Zinc_Anchor
6qng,31.533,4.872,-24.764,20.0,20.0,20.0,Zinc_Anchor
6qnl,-14.813,2.191,13.004,20.0,20.0,20.0,Zinc_Anchor
6qut,-35.142,0.172,-16.481,20.0,20.0,20.0,Zinc_Anchor
6r6f,-6.656,-1.779,15.389,20.0,20.0,20.0,Zinc_Anchor
6r6j,-6.57,-1.833,15.237,20.0,20.0,20.0,Zinc_Anchor
6r6y,14.692,3.09,-13.105,20.0,20.0,20.0,Zinc_Anchor
6r71,6.17,1.227,-10.319,20.0,20.0,20.0,Zinc_Anchor
6rfh,14.385,-1.419,15.344,20.0,20.0,20.0,Zinc_Anchor
6rg3,-6.672,-1.607,15.242,20.0,20.0,20.0,Zinc_Anchor
6rg4,-6.743,-1.649,15.253,20.0,20.0,20.0,Zinc_Anchor
6rg5,14.403,-1.216,15.365,20.0,20.0,20.0,Zinc_Anchor
6rh4,-3.967,-1.379,85.296,20.0,20.0,20.0,Zinc_Anchor
6rhj,-6.774,-1.723,15.241,20.0,20.0,20.0,Zinc_Anchor
6rhk,-6.837,-1.688,15.335,20.0,20.0,20.0,Zinc_Anchor
6rig,14.423,-1.366,15.371,20.0,20.0,20.0,Zinc_Anchor
6rit,-6.789,-1.346,15.481,20.0,20.0,20.0,Zinc_Anchor
6rjj,-28.003,-1.275,15.543,20.0,20.0,20.0,Zinc_Anchor
6rkn,14.399,-1.424,15.379,20.0,20.0,20.0,Zinc_Anchor
6rl9,14.458,-1.304,15.363,20.0,20.0,20.0,Zinc_Anchor
6rm1,-6.735,-1.635,15.225,20.0,20.0,20.0,Zinc_Anchor
6rmp,-6.708,-1.619,15.331,20.0,20.0,20.0,Zinc_Anchor
6rmx,-6.516,-1.705,15.303,20.0,20.0,20.0,Zinc_Anchor
6rmy,-6.671,-1.801,15.406,20.0,20.0,20.0,Zinc_Anchor
6rnp,-27.962,-1.264,15.426,20.0,20.0,20.0,Zinc_Anchor
6rob,-6.77,-1.597,15.42,20.0,20.0,20.0,Zinc_Anchor
6roe,-6.764,-1.537,15.424,20.0,20.0,20.0,Zinc_Anchor
6rof,-6.757,-1.811,15.397,20.0,20.0,20.0,Zinc_Anchor
6rps,37.481,51.463,184.867,20.0,20.0,20.0,Zinc_Anchor
6rqi,-6.774,-1.578,15.38,20.0,20.0,20.0,Zinc_Anchor
6rqn,10.567,-11.451,8.738,20.0,20.0,20.0,Zinc_Anchor
6rqq,-1.483,11.075,14.27,20.0,20.0,20.0,Zinc_Anchor
6rqu,10.536,-12.643,8.607,20.0,20.0,20.0,Zinc_Anchor
6rqw,10.678,-10.909,8.693,20.0,20.0,20.0,Zinc_Anchor
6rrg,-28.06,-1.305,15.457,20.0,20.0,20.0,Zinc_Anchor
6rri,14.374,-0.941,15.453,20.0,20.0,20.0,Zinc_Anchor
6rs5,14.392,-1.393,15.432,20.0,20.0,20.0,Zinc_Anchor
6rsz,-3.66,-1.154,85.182,20.0,20.0,20.0,Zinc_Anchor
6rvf,-6.631,-1.365,15.324,20.0,20.0,20.0,Zinc_Anchor
6rvk,-6.686,-1.571,15.325,20.0,20.0,20.0,Zinc_Anchor
6rvl,-6.655,-1.407,15.208,20.0,20.0,20.0,Zinc_Anchor
6rw1,-6.641,-1.389,15.264,20.0,20.0,20.0,Zinc_Anchor
6rzx,-2.672,-0.259,85.401,20.0,20.0,20.0,Zinc_Anchor
6s03,-2.567,-0.22,85.452,20.0,20.0,20.0,Zinc_Anchor
6s9g,14.417,-1.311,15.406,20.0,20.0,20.0,Zinc_Anchor
6s9z,14.38,-2.197,15.459,20.0,20.0,20.0,Zinc_Anchor
6sac,-6.817,-1.554,15.349,20.0,20.0,20.0,Zinc_Anchor
6sas,-6.751,-1.587,15.356,20.0,20.0,20.0,Zinc_Anchor
6say,-3.806,-2.272,85.227,20.0,20.0,20.0,Zinc_Anchor
6sb7,14.51,-2.289,15.421,20.0,20.0,20.0,Zinc_Anchor
6sbh,-27.878,-1.376,15.397,20.0,20.0,20.0,Zinc_Anchor
6sbl,-6.812,-1.584,15.342,20.0,20.0,20.0,Zinc_Anchor
6sbm,-6.795,-1.593,15.329,20.0,20.0,20.0,Zinc_Anchor
6sd7,14.346,-1.367,15.462,20.0,20.0,20.0,Zinc_Anchor
6sdh,-3.12,-1.646,85.513,20.0,20.0,20.0,Zinc_Anchor
6sdi,-6.615,-1.645,15.388,20.0,20.0,20.0,Zinc_Anchor
6sdj,-3.17,-0.609,85.229,20.0,20.0,20.0,Zinc_Anchor
6sdl,-6.764,-1.581,15.343,20.0,20.0,20.0,Zinc_Anchor
6sds,-6.697,-1.085,15.303,20.0,20.0,20.0,Zinc_Anchor
6sdt,12.841,26.107,9.843,20.0,20.0,20.0,Zinc_Anchor
6sey,14.495,-1.623,15.544,20.0,20.0,20.0,Zinc_Anchor
6sfq,-6.827,-1.603,15.188,20.0,20.0,20.0,Zinc_Anchor
6sfu,-6.832,-1.564,15.389,20.0,20.0,20.0,Zinc_Anchor
6sg0,-6.775,-1.619,15.356,20.0,20.0,20.0,Zinc_Anchor
6sg6,-6.812,-1.583,15.347,20.0,20.0,20.0,Zinc_Anchor
6swm,11.851,53.208,38.905,20.0,20.0,20.0,Zinc_Anchor
6sx9,-6.71,-1.665,15.297,20.0,20.0,20.0,Zinc_Anchor
6syb,-6.668,-1.58,15.207,20.0,20.0,20.0,Zinc_Anchor
6sys,-6.756,-1.665,15.33,20.0,20.0,20.0,Zinc_Anchor
6t4n,14.336,0.117,15.338,20.0,20.0,20.0,Zinc_Anchor
6t4o,-6.716,-1.686,15.26,20.0,20.0,20.0,Zinc_Anchor
6t4p,14.413,0.059,15.293,20.0,20.0,20.0,Zinc_Anchor
6t5c,-6.748,-1.775,15.273,20.0,20.0,20.0,Zinc_Anchor
6t5p,14.789,3.096,-12.945,20.0,20.0,20.0,Zinc_Anchor
6t5q,-10.817,-13.78,22.796,20.0,20.0,20.0,Zinc_Anchor
6t7u,14.564,0.03,15.415,20.0,20.0,20.0,Zinc_Anchor
6t81,14.426,0.229,15.205,20.0,20.0,20.0,Zinc_Anchor
6t9z,14.591,0.006,15.518,20.0,20.0,20.0,Zinc_Anchor
6tl5,-30.173,11.229,55.268,20.0,20.0,20.0,Zinc_Anchor
6tl6,-30.382,11.145,-59.206,20.0,20.0,20.0,Zinc_Anchor
6u4q,14.417,-1.483,15.233,20.0,20.0,20.0,Zinc_Anchor
6u4t,-27.497,-1.103,15.239,20.0,20.0,20.0,Zinc_Anchor
6ufb,-3.625,-0.803,85.003,20.0,20.0,20.0,Zinc_Anchor
6ufc,-4.008,-0.63,85.444,20.0,20.0,20.0,Zinc_Anchor
6ufd,-3.726,-0.662,85.323,20.0,20.0,20.0,Zinc_Anchor
6ugn,14.591,-1.251,15.147,20.0,20.0,20.0,Zinc_Anchor
6ugo,-27.427,-1.03,15.226,20.0,20.0,20.0,Zinc_Anchor
6ugp,14.482,-1.365,15.213,20.0,20.0,20.0,Zinc_Anchor
6ugq,-27.473,-1.28,15.227,20.0,20.0,20.0,Zinc_Anchor
6ugr,14.419,-1.545,15.183,20.0,20.0,20.0,Zinc_Anchor
6ugz,-27.503,-1.139,15.243,20.0,20.0,20.0,Zinc_Anchor
6uh0,14.409,-1.563,15.198,20.0,20.0,20.0,Zinc_Anchor
6ux1,-27.886,-1.58,15.375,20.0,20.0,20.0,Zinc_Anchor
6uzu,-2.596,1.554,85.09,20.0,20.0,20.0,Zinc_Anchor
6vj3,14.486,-1.759,15.252,20.0,20.0,20.0,Zinc_Anchor
6vkg,14.648,-1.216,15.404,20.0,20.0,20.0,Zinc_Anchor
6wka,-3.481,-0.65,85.067,20.0,20.0,20.0,Zinc_Anchor
6wq4,-27.92,-1.603,15.318,20.0,20.0,20.0,Zinc_Anchor
6wq5,-27.901,-1.358,15.377,20.0,20.0,20.0,Zinc_Anchor
6wq7,-27.761,-1.42,15.305,20.0,20.0,20.0,Zinc_Anchor
6wq8,-27.902,-1.165,15.344,20.0,20.0,20.0,Zinc_Anchor
6wq9,-27.882,-1.407,15.329,20.0,20.0,20.0,Zinc_Anchor
6xvh,14.586,-2.475,15.39,20.0,20.0,20.0,Zinc_Anchor
6xxt,-6.701,-1.493,15.31,20.0,20.0,20.0,Zinc_Anchor
6xze,5.658,35.149,49.368,20.0,20.0,20.0,Zinc_Anchor
6xzo,5.5,34.726,49.155,20.0,20.0,20.0,Zinc_Anchor
6xzs,5.747,35.14,49.48,20.0,20.0,20.0,Zinc_Anchor
6xzx,5.53,34.819,48.77,20.0,20.0,20.0,Zinc_Anchor
6xzy,5.551,34.773,49.103,20.0,20.0,20.0,Zinc_Anchor
6y00,5.735,34.997,49.219,20.0,20.0,20.0,Zinc_Anchor
6y74,-7.266,17.253,42.774,20.0,20.0,20.0,Zinc_Anchor
6yh4,-6.379,-1.65,15.198,20.0,20.0,20.0,Zinc_Anchor
6yh5,-6.141,-1.733,15.195,20.0,20.0,20.0,Zinc_Anchor
6yh6,15.108,0.153,14.646,20.0,20.0,20.0,Zinc_Anchor
6yh7,-6.202,-1.77,15.235,20.0,20.0,20.0,Zinc_Anchor
6yh8,-6.433,-1.664,15.135,20.0,20.0,20.0,Zinc_Anchor
6yh9,-5.952,-1.713,15.057,20.0,20.0,20.0,Zinc_Anchor
6yha,-5.943,-1.571,14.881,20.0,20.0,20.0,Zinc_Anchor
6yhb,-5.937,-1.607,14.804,20.0,20.0,20.0,Zinc_Anchor
6yhc,-6.397,-1.752,15.315,20.0,20.0,20.0,Zinc_Anchor
6yj3,-2.812,49.816,1.788,20.0,20.0,20.0,Zinc_Anchor
6ykc,-2.58,-0.232,85.392,20.0,20.0,20.0,Zinc_Anchor
6ykh,-2.132,-0.184,84.487,20.0,20.0,20.0,Zinc_Anchor
6yma,-7.095,-1.423,15.444,20.0,20.0,20.0,Zinc_Anchor
6ymb,-6.621,-1.568,15.704,20.0,20.0,20.0,Zinc_Anchor
6yo2,-2.627,-0.215,86.158,20.0,20.0,20.0,Zinc_Anchor
6yo4,-2.761,-0.234,85.739,20.0,20.0,20.0,Zinc_Anchor
6yo7,-2.324,-0.23,84.932,20.0,20.0,20.0,Zinc_Anchor
6yoi,-2.684,-0.248,85.482,20.0,20.0,20.0,Zinc_Anchor
6yok,-2.596,-0.248,85.587,20.0,20.0,20.0,Zinc_Anchor
6yol,-2.766,-0.264,86.072,20.0,20.0,20.0,Zinc_Anchor
6ypw,-6.762,-1.665,15.278,20.0,20.0,20.0,Zinc_Anchor
6yqt,-6.727,-1.564,15.329,20.0,20.0,20.0,Zinc_Anchor
6yqu,-6.589,-0.97,15.483,20.0,20.0,20.0,Zinc_Anchor
6yri,-6.67,-1.635,15.309,20.0,20.0,20.0,Zinc_Anchor
6yzj,14.516,0.053,15.35,20.0,20.0,20.0,Zinc_Anchor
6yzk,-2.916,-0.246,85.624,20.0,20.0,20.0,Zinc_Anchor
6yzl,14.588,-0.053,15.356,20.0,20.0,20.0,Zinc_Anchor
6yzm,14.695,-1.344,15.149,20.0,20.0,20.0,Zinc_Anchor
6yzn,14.563,-0.013,15.44,20.0,20.0,20.0,Zinc_Anchor
6yzo,-2.958,-0.246,85.622,20.0,20.0,20.0,Zinc_Anchor
6yzp,-2.747,-0.282,85.518,20.0,20.0,20.0,Zinc_Anchor
6yzq,-6.746,-1.528,15.314,20.0,20.0,20.0,Zinc_Anchor
6yzr,-6.749,0.049,15.273,20.0,20.0,20.0,Zinc_Anchor
6yzs,-6.664,0.054,15.299,20.0,20.0,20.0,Zinc_Anchor
6yzt,14.322,0.006,15.376,20.0,20.0,20.0,Zinc_Anchor
6yzu,-6.727,0.076,15.266,20.0,20.0,20.0,Zinc_Anchor
6yzv,14.395,-0.003,15.318,20.0,20.0,20.0,Zinc_Anchor
6yzw,-6.781,-1.541,15.346,20.0,20.0,20.0,Zinc_Anchor
6yzx,-6.75,-1.583,15.376,20.0,20.0,20.0,Zinc_Anchor
6z04,-6.455,-0.014,15.537,20.0,20.0,20.0,Zinc_Anchor
6zr8,-6.759,-1.558,15.177,20.0,20.0,20.0,Zinc_Anchor
6zr9,12.879,25.721,10.119,20.0,20.0,20.0,Zinc_Anchor
7a6v,-6.735,-1.631,15.312,20.0,20.0,20.0,Zinc_Anchor
7aeq,-6.467,-1.658,15.191,20.0,20.0,20.0,Zinc_Anchor
7aes,14.545,0.208,15.247,20.0,20.0,20.0,Zinc_Anchor
7agn,4.55,10.519,34.673,20.0,20.0,20.0,Zinc_Anchor
7asj,-6.713,-1.642,15.318,20.0,20.0,20.0,Zinc_Anchor
7bhh,-6.747,-1.651,15.283,20.0,20.0,20.0,Zinc_Anchor
7bi5,-6.634,-1.747,15.19,20.0,20.0,20.0,Zinc_Anchor
7ca2,-6.562,-1.456,15.541,20.0,20.0,20.0,Zinc_Anchor
7jnr,-6.704,-1.079,15.224,20.0,20.0,20.0,Zinc_Anchor
7jnv,-6.752,-1.363,15.131,20.0,20.0,20.0,Zinc_Anchor
7jnw,-6.727,-0.888,15.226,20.0,20.0,20.0,Zinc_Anchor
7jnx,-6.679,-1.129,15.089,20.0,20.0,20.0,Zinc_Anchor
7jnz,-6.704,-0.991,15.135,20.0,20.0,20.0,Zinc_Anchor
7jo0,-6.344,-1.451,15.179,20.0,20.0,20.0,Zinc_Anchor
7jo1,-6.301,-1.15,15.095,20.0,20.0,20.0,Zinc_Anchor
7jo2,14.541,-1.203,15.209,20.0,20.0,20.0,Zinc_Anchor
7jo3,14.543,-1.157,15.146,20.0,20.0,20.0,Zinc_Anchor
7job,14.509,-1.224,15.196,20.0,20.0,20.0,Zinc_Anchor
7joc,14.61,-1.301,15.425,20.0,20.0,20.0,Zinc_Anchor
7k6i,-6.737,-1.429,15.291,20.0,20.0,20.0,Zinc_Anchor
7k6j,-3.19,-0.365,84.808,20.0,20.0,20.0,Zinc_Anchor
7k6k,-6.677,-1.482,15.228,20.0,20.0,20.0,Zinc_Anchor
7k6l,-6.822,-1.297,15.299,20.0,20.0,20.0,Zinc_Anchor
7k6t,-10.535,-1.653,6.194,20.0,20.0,20.0,Zinc_Anchor
7k6u,-2.59,-1.49,85.285,20.0,20.0,20.0,Zinc_Anchor
7k6x,-2.757,-1.228,85.31,20.0,20.0,20.0,Zinc_Anchor
7k6z,-2.816,-1.306,85.494,20.0,20.0,20.0,Zinc_Anchor
7m23,-3.443,-0.622,84.629,20.0,20.0,20.0,Zinc_Anchor
7m24,-3.516,-0.615,84.88,20.0,20.0,20.0,Zinc_Anchor
7m26,-3.549,-0.637,85.087,20.0,20.0,20.0,Zinc_Anchor
7mu3,14.623,-1.195,15.415,20.0,20.0,20.0,Zinc_Anchor
7nc4,13.403,26.35,9.772,20.0,20.0,20.0,Zinc_Anchor
7ntb,-6.672,-1.748,15.261,20.0,20.0,20.0,Zinc_Anchor
7nzr,14.451,0.29,15.387,20.0,20.0,20.0,Zinc_Anchor
7nzs,14.343,0.127,15.366,20.0,20.0,20.0,Zinc_Anchor
7nzt,14.309,0.171,15.449,20.0,20.0,20.0,Zinc_Anchor
7nzu,14.346,0.229,15.449,20.0,20.0,20.0,Zinc_Anchor
7nzw,14.387,0.222,15.319,20.0,20.0,20.0,Zinc_Anchor
7nzx,14.355,0.182,15.331,20.0,20.0,20.0,Zinc_Anchor
7onv,3.152,11.39,16.848,20.0,20.0,20.0,Zinc_Anchor
7oym,-6.758,-1.514,15.355,20.0,20.0,20.0,Zinc_Anchor
7oyn,-6.765,-1.521,15.357,20.0,20.0,20.0,Zinc_Anchor
7oyo,-6.798,-1.495,15.349,20.0,20.0,20.0,Zinc_Anchor
7oyp,-6.86,-1.524,15.401,20.0,20.0,20.0,Zinc_Anchor
7oyq,-6.769,-1.552,15.441,20.0,20.0,20.0,Zinc_Anchor
7oyr,-6.773,-1.539,15.445,20.0,20.0,20.0,Zinc_Anchor
7p1a,12.797,26.023,9.873,20.0,20.0,20.0,Zinc_Anchor
7pom,-30.198,11.197,-59.252,20.0,20.0,20.0,Zinc_Anchor
7pp9,8.17,-17.665,7.942,20.0,20.0,20.0,Zinc_Anchor
7puu,14.757,3.057,-13.076,20.0,20.0,20.0,Zinc_Anchor
7puv,14.93,3.105,-13.189,20.0,20.0,20.0,Zinc_Anchor
7puw,14.787,3.089,-13.08,20.0,20.0,20.0,Zinc_Anchor
7q0c,-10.037,10.379,15.888,20.0,20.0,20.0,Zinc_Anchor
7q0d,36.523,-0.97,-10.194,20.0,20.0,20.0,Zinc_Anchor
7q0e,14.433,0.16,15.279,20.0,20.0,20.0,Zinc_Anchor
7qgx,14.433,0.282,15.26,20.0,20.0,20.0,Zinc_Anchor
7qgy,-6.659,-1.623,15.327,20.0,20.0,20.0,Zinc_Anchor
7qgz,14.439,0.192,15.387,20.0,20.0,20.0,Zinc_Anchor
7rny,-6.694,-1.314,15.282,20.0,20.0,20.0,Zinc_Anchor
7rnz,-27.914,-1.664,15.29,20.0,20.0,20.0,Zinc_Anchor
7rre,4.569,-0.424,81.228,20.0,20.0,20.0,Zinc_Anchor
7rrf,5.24,0.015,81.635,20.0,20.0,20.0,Zinc_Anchor
7suw,-27.456,-1.354,15.24,20.0,20.0,20.0,Zinc_Anchor
7suy,-27.322,-1.138,15.198,20.0,20.0,20.0,Zinc_Anchor
7sv1,-27.31,-1.095,15.272,20.0,20.0,20.0,Zinc_Anchor
7sv8,-27.226,-1.222,15.337,20.0,20.0,20.0,Zinc_Anchor
7u5w,3.1,11.293,16.82,20.0,20.0,20.0,Zinc_Anchor
7u5x,-3.127,-1.785,85.085,20.0,20.0,20.0,Zinc_Anchor
7y2a,14.341,-0.071,15.267,20.0,20.0,20.0,Zinc_Anchor
7y2c,14.391,-0.005,15.324,20.0,20.0,20.0,Zinc_Anchor
7y2e,14.404,-0.005,15.343,20.0,20.0,20.0,Zinc_Anchor
7y2f,14.413,0.002,15.36,20.0,20.0,20.0,Zinc_Anchor
7y2g,14.418,0.006,15.382,20.0,20.0,20.0,Zinc_Anchor
7y2h,14.411,-0.006,15.398,20.0,20.0,20.0,Zinc_Anchor
7y2i,14.415,-0.011,15.42,20.0,20.0,20.0,Zinc_Anchor
7y2j,11.25,-0.205,15.984,20.0,20.0,20.0,Protein_Center_Mass
7y2k,11.255,-0.205,15.99,20.0,20.0,20.0,Protein_Center_Mass
7y2l,11.268,-0.205,16.003,20.0,20.0,20.0,Protein_Center_Mass
7y2m,11.283,-0.204,16.016,20.0,20.0,20.0,Protein_Center_Mass
7y2n,14.377,2.705,17.562,20.0,20.0,20.0,Ligand_Centroid
7y2o,14.451,2.729,17.521,20.0,20.0,20.0,Ligand_Centroid
7y2q,14.537,2.68,17.56,20.0,20.0,20.0,Ligand_Centroid
7y2r,17.439,4.269,14.224,20.0,20.0,20.0,Ligand_Centroid
7y2s,17.435,4.268,14.24,20.0,20.0,20.0,Ligand_Centroid
7y2t,17.425,4.284,14.25,20.0,20.0,20.0,Ligand_Centroid
7y2u,17.446,4.287,14.255,20.0,20.0,20.0,Ligand_Centroid
7y2v,17.45,4.304,14.248,20.0,20.0,20.0,Ligand_Centroid
7y2w,17.448,4.295,14.314,20.0,20.0,20.0,Ligand_Centroid
7y2x,18.148,4.604,14.296,20.0,20.0,20.0,Ligand_Centroid
8aa6,-6.674,-1.588,15.312,20.0,20.0,20.0,Zinc_Anchor
8aae,-6.683,-1.574,15.346,20.0,20.0,20.0,Zinc_Anchor
8b29,14.323,-0.13,15.285,20.0,20.0,20.0,Zinc_Anchor
8c0q,-6.693,-1.381,15.294,20.0,20.0,20.0,Zinc_Anchor
8c0r,-6.847,-1.625,15.327,20.0,20.0,20.0,Zinc_Anchor
8ca2,-6.702,-1.543,15.4,20.0,20.0,20.0,Zinc_Anchor
8co0,5.505,-31.86,-59.46,20.0,20.0,20.0,Zinc_Anchor
8co3,-13.007,-15.723,-7.033,20.0,20.0,20.0,Zinc_Anchor
8cr0,14.571,-2.009,15.295,20.0,20.0,20.0,Zinc_Anchor
8dj9,14.433,-1.434,15.282,20.0,20.0,20.0,Zinc_Anchor
8em3,14.463,-1.016,15.359,20.0,20.0,20.0,Zinc_Anchor
8emu,14.516,-1.742,15.264,20.0,20.0,20.0,Zinc_Anchor
8exc,14.575,-1.705,15.275,20.0,20.0,20.0,Zinc_Anchor
8exg,14.493,-1.716,15.288,20.0,20.0,20.0,Zinc_Anchor
8eyl,14.456,-1.783,15.188,20.0,20.0,20.0,Zinc_Anchor
8fal,14.492,-1.668,15.399,20.0,20.0,20.0,Zinc_Anchor
8fau,14.64,-1.53,15.408,20.0,20.0,20.0,Zinc_Anchor
8fqx,-6.576,-0.975,15.131,20.0,20.0,20.0,Zinc_Anchor
8fqy,-6.523,-1.272,15.178,20.0,20.0,20.0,Zinc_Anchor
8fqz,-6.609,-1.438,15.248,20.0,20.0,20.0,Zinc_Anchor
8fr1,-27.597,-1.208,15.45,20.0,20.0,20.0,Zinc_Anchor
8fr2,14.632,0.104,15.299,20.0,20.0,20.0,Zinc_Anchor
8fr4,-27.472,-1.523,15.357,20.0,20.0,20.0,Zinc_Anchor
8igf,14.795,0.377,15.361,20.0,20.0,20.0,Zinc_Anchor
8j2o,14.503,0.136,15.211,20.0,20.0,20.0,Zinc_Anchor
8jee,14.579,-0.131,15.312,20.0,20.0,20.0,Zinc_Anchor
8ogd,-27.697,-1.554,15.362,20.0,20.0,20.0,Zinc_Anchor
8oge,-23.169,9.553,25.916,20.0,20.0,20.0,Ligand_Centroid
8oke,-6.446,-0.039,15.434,20.0,20.0,20.0,Zinc_Anchor
8okg,-6.519,-0.039,15.475,20.0,20.0,20.0,Zinc_Anchor
8okj,-6.307,0.055,15.235,20.0,20.0,20.0,Zinc_Anchor
8oko,-6.446,-0.036,15.427,20.0,20.0,20.0,Zinc_Anchor
8okp,-6.261,0.047,15.396,20.0,20.0,20.0,Zinc_Anchor
8okq,-6.741,-1.589,15.389,20.0,20.0,20.0,Zinc_Anchor
8okt,-6.413,-1.648,15.356,20.0,20.0,20.0,Zinc_Anchor
8olf,-6.453,-1.652,15.356,20.0,20.0,20.0,Zinc_Anchor
8oli,-6.746,-1.579,15.323,20.0,20.0,20.0,Zinc_Anchor
8olk,-6.757,-1.594,15.362,20.0,20.0,20.0,Zinc_Anchor
8olm,-6.736,-1.629,15.391,20.0,20.0,20.0,Zinc_Anchor
8omb,-6.918,-1.635,15.313,20.0,20.0,20.0,Zinc_Anchor
8omh,-6.918,-1.605,15.289,20.0,20.0,20.0,Zinc_Anchor
8omp,-6.775,-1.577,15.338,20.0,20.0,20.0,Zinc_Anchor
8oo8,14.424,-0.003,15.475,20.0,20.0,20.0,Zinc_Anchor
8p6u,14.164,-0.22,15.361,20.0,20.0,20.0,Zinc_Anchor
8phl,14.414,-0.155,15.269,20.0,20.0,20.0,Zinc_Anchor
8phm,-6.316,8.804,11.861,20.0,20.0,20.0,Ligand_Centroid
8q0c,14.39,0.151,15.233,20.0,20.0,20.0,Zinc_Anchor
8q18,-35.362,0.164,-16.291,20.0,20.0,20.0,Zinc_Anchor
8q19,-35.526,0.137,-16.27,20.0,20.0,20.0,Zinc_Anchor
8q1a,-35.443,0.08,-16.211,20.0,20.0,20.0,Zinc_Anchor
8q3u,12.724,26.04,9.911,20.0,20.0,20.0,Zinc_Anchor
8qh8,-6.789,-1.728,15.386,20.0,20.0,20.0,Zinc_Anchor
8qhg,-23.677,-16.624,-50.572,20.0,20.0,20.0,Zinc_Anchor
8qhj,-6.496,-1.74,15.381,20.0,20.0,20.0,Zinc_Anchor
8r1i,14.423,-2.887,15.418,20.0,20.0,20.0,Zinc_Anchor
8rar,-6.596,-1.861,15.399,20.0,20.0,20.0,Zinc_Anchor
8rbp,-6.569,-1.851,15.334,20.0,20.0,20.0,Zinc_Anchor
8rj2,-6.583,-1.767,15.319,20.0,20.0,20.0,Zinc_Anchor
8s4f,36.77,-1.005,-10.281,20.0,20.0,20.0,Zinc_Anchor
8saf,-6.814,-1.02,15.312,20.0,20.0,20.0,Zinc_Anchor
8sag,-6.832,-1.271,15.4,20.0,20.0,20.0,Zinc_Anchor
8sd1,14.594,-0.057,15.353,20.0,20.0,20.0,Zinc_Anchor
8sd6,14.664,-0.029,15.316,20.0,20.0,20.0,Zinc_Anchor
8sd7,14.652,-0.038,15.383,20.0,20.0,20.0,Zinc_Anchor
8sd8,14.628,-0.023,15.383,20.0,20.0,20.0,Zinc_Anchor
8sd9,14.632,-0.031,15.376,20.0,20.0,20.0,Zinc_Anchor
8sf1,14.575,-1.574,15.537,20.0,20.0,20.0,Zinc_Anchor
8ttr,14.683,-1.238,15.42,20.0,20.0,20.0,Zinc_Anchor
8ufw,14.596,-1.264,15.528,20.0,20.0,20.0,Zinc_Anchor
8ufx,14.482,12.373,15.233,20.0,20.0,20.0,Zinc_Anchor
8vzg,-4.423,3.344,15.7,20.0,20.0,20.0,Zinc_Anchor
8wep,14.422,-0.04,15.352,20.0,20.0,20.0,Zinc_Anchor
8wer,14.365,0.016,15.349,20.0,20.0,20.0,Zinc_Anchor
8wes,14.331,-0.015,15.371,20.0,20.0,20.0,Zinc_Anchor
8zwv,-3.157,24.776,16.966,20.0,20.0,20.0,Zinc_Anchor
9ca2,-6.769,-1.543,15.329,20.0,20.0,20.0,Zinc_Anchor
9h3h,9.758,20.825,55.2,20.0,20.0,20.0,Zinc_Anchor
CA10_predicted,4.311,-2.361,-1.995,20.0,20.0,20.0,Protein_Center_Mass
CA5A_predicted,1.169,-1.054,-2.612,20.0,20.0,20.0,Protein_Center_Mass
CA5BP1_predicted,0.518,0.091,0.006,20.0,20.0,20.0,Protein_Center_Mass
CA5B_predicted,2.453,2.666,-0.057,20.0,20.0,20.0,Protein_Center_Mass
